DQ585385,pancreatic carcinoma
DQ593049,ovarian cancer
piR-33043,head and neck cancer
DQ580481,Cardiovascular diseases (CDC,CF,CCS) cardicregeneration
DQ588535,leukemia
hsa_piR_019676,dysplastic liver nodules and hepatocellular carcinoma
DQ591381,alzheimer disease
DQ576768,renal cell carcinoma
DQ576052,pancreatic carcinoma
piR-33879,gastric cancer
DQ575471,Cardiovascular diseases (CDC,CF,CCS) cardicregeneration
DQ593987,lung cancer (lung adenocarcinoma)
DQ592842,dysplastic liver nodules and hepatocellular carcinoma
hsa_piR_000586,Cardiovascular diseases (CDC,CF,CCS) cardicregeneration
DQ599929,Cardiovascular diseases (CDC,CF,CCS) cardicregeneration
DQ582638,renal cell carcinoma
DQ599408,renal cell carcinoma
DQ579247,renal cell carcinoma
DQ588551,colon cancer
DQ590455,leukemia
piR-34372,endometrial carcinogenesis
DQ601581,Cardiovascular diseases (CDC,CF,CCS) cardicregeneration
DQ598186,endometrial carcinogenesis
hsa_piR_008114,non small cell lung carcinoma (nsclc)
DQ582853,male infertility
DQ588531,pancreatic carcinoma
hsa_piR_003728,prostate cancer
DQ597696,breast cancer
DQ587785,Cardiovascular diseases (CDC,CF,CCS) cardicregeneration
DQ573521,renal cell carcinoma
DQ583691,renal cell carcinoma
DQ572568,breast cancer
DQ577870,head and neck cancer
DQ593242,Cardiovascular diseases (CDC,CF,CCS) cardicregeneration
piR-43773,non small cell lung carcinoma (nsclc)
DQ570776,gastric cancer (recurrence)
DQ590548,breast cancer
DQ595777,colon cancer
piR-36707,alzheimer disease
piR-39307,head and neck cancer
hsa_piR_000753,gastric cancer (recurrence)
piR-33519,alzheimer disease
piR-36245,gastric cancer (recurrence)
DQ584801,renal cell carcinoma
DQ582425,heart stroke
DQ588542,focal ischemia (rat brain)
piR-43147,renal cell carcinoma
DQ594601,pancreatic carcinoma
DQ588048,focal ischemia (rat brain)
DQ586202,gastric cancer (recurrence)
DQ591289,Cardiovascular diseases (CDC,CF,CCS) cardicregeneration
piR-33065,head and neck (squamous cell) carcinoma
DQ598176,focal ischemia (rat brain)
piR-57125,head and neck (squamous cell) carcinoma
DQ600689,gastric cancer (recurrence)
DQ593242,colon cancer
DQ596516,dysplastic liver nodules and hepatocellular carcinoma
hsa_piR_002158,leukemia
DQ593228,rheumatoid arthritis
DQ589334,head and neck cancer
DQ599117,breast cancer
DQ583754,lung cancer (lung adenocarcinoma)
piR-30810,prostate cancer
DQ588628,Cardiovascular diseases (CDC,CF,CCS) cardicregeneration
DQ598508,dysplastic liver nodules and hepatocellular carcinoma
DQ591243,Cardiovascular diseases (CDC,CF,CCS) cardicregeneration
DQ583255,focal ischemia (rat brain)
hsa_piR_020657,lung cancer
hsa_piR_019102,gastric cancer (recurrence)
DQ597945,renal cell carcinoma
DQ573330,alzheimer disease
hsa_piR_018849,lung cancer (lung adenocarcinoma)
piR-41435,leukemia
DQ587955,Cardiovascular diseases (CDC,CF,CCS) cardicregeneration
hsa_piR_020466,lung cancer (lung adenocarcinoma)
DQ598204,renal cell carcinoma
DQ574183,gastric cancer (recurrence)
DQ571425,renal cell carcinoma
piR-33468,breast cancer
DQ571050,Cardiovascular diseases (CDC,CF,CCS) cardicregeneration
DQ587999,ovarian cancer
hsa_piR_017033,renal cell carcinoma
piR-36444,Cardiovascular diseases (CDC,CF,CCS) cardicregeneration
piR-56450,Cardiovascular diseases (CDC,CF,CCS) cardicregeneration
DQ587785,renal cell carcinoma
DQ600116,alzheimer disease
DQ572009,gastric cancer
piR-31701,prostate cancer
DQ588193,lung cancer
hsa_piR_009294,breast cancer
piR-40067,gastric cancer (recurrence)
DQ593870,Cardiovascular diseases (CDC,CF,CCS) cardicregeneration
DQ598853,dysplastic liver nodules and hepatocellular carcinoma
DQ575335,Cardiovascular diseases (CDC,CF,CCS) cardicregeneration
DQ577854,Cardiovascular diseases (CDC,CF,CCS) cardicregeneration
piR-34736,gastric cancer (recurrence)
DQ571550,Cardiovascular diseases (CDC,CF,CCS) cardicregeneration
hsa_piR_020548,renal cell carcinoma
DQ597403,alzheimer disease
hsa_piR_020496,dysplastic liver nodules and hepatocellular carcinoma
DQ593987,rheumatoid arthritis
DQ578766,heart stroke
DQ601404,renal cell carcinoma
piR-33468,dysplastic liver nodules and hepatocellular carcinoma
DQ581670,alzheimer disease
hsa_piR_019676,alzheimer disease
DQ591243,prostate cancer
DQ594921,renal cell carcinoma
DQ585093,rheumatoid arthritis
DQ588189,non small cell lung carcinoma (nsclc)
DQ583613,renal cell carcinoma
DQ592975,renal cell carcinoma
DQ593696,renal cell carcinoma
DQ594601,prostate cancer
DQ584889,renal cell carcinoma
DQ597972,renal cell carcinoma
DQ596277,colon cancer
piR-33065,ovarian cancer
DQ598189,renal cell carcinoma
DQ572009,ovarian cancer
DQ587143,leukemia
DQ588824,renal cell carcinoma
DQ570485,gastric cancer (recurrence)
DQ598314,gastric cancer (recurrence)
DQ595023,Cardiovascular diseases (CDC,CF,CCS) cardicregeneration
hsa_piR_020466,ovarian cancer
DQ598571,non small cell lung carcinoma (nsclc)
DQ593846,head and neck cancer
DQ573521,Cardiovascular diseases (CDC,CF,CCS) cardicregeneration
piR-32635,leukemia
piR-61298,heart stroke
piR-31038,pancreatic carcinoma
DQ591576,pancreatic carcinoma
DQ594601,renal cell carcinoma
DQ587653,renal cell carcinoma
DQ588342,renal cell carcinoma
piR-35548,gastric cancer (recurrence)
DQ583691,pancreatic carcinoma
DQ597864,head and neck cancer
DQ584123,Cardiovascular diseases (CDC,CF,CCS) cardicregeneration
piR-34533,breast cancer
DQ600847,colon cancer
DQ576052,head and neck (squamous cell) carcinoma
DQ576768,Cardiovascular diseases (CDC,CF,CCS) cardicregeneration
DQ571333,Cardiovascular diseases (CDC,CF,CCS) cardicregeneration
piR-41435,renal cell carcinoma
hsa_piR_009051,breast cancer
piR-34358,gastric cancer
piR-33415,leukemia
DQ591576,Cardiovascular diseases (CDC,CF,CCS) cardicregeneration
piR-31925,alzheimer disease
DQ582496,dysplastic liver nodules and hepatocellular carcinoma
piR-33879,Cardiovascular diseases (CDC,CF,CCS) cardicregeneration
DQ593358,Cardiovascular diseases (CDC,CF,CCS) cardicregeneration
DQ572458,lung cancer
piR-33686,alzheimer disease
piR-41435,lung cancer (lung adenocarcinoma)
hsa_piR_021032,lung cancer
DQ597696,Cardiovascular diseases (CDC,CF,CCS) cardicregeneration
DQ578790,breast cancer
piR-36040,alzheimer disease
hsa_piR_000586,breast cancer
DQ575347,ovarian cancer
DQ584144,head and neck (squamous cell) carcinoma
DQ598216,Cardiovascular diseases (CDC,CF,CCS) cardicregeneration
piR-43604,alzheimer disease
DQ575757,breast cancer
piR-30112,pancreatic carcinoma
DQ589561,renal cell carcinoma
piR-55557,lung cancer
DQ590550,Cardiovascular diseases (CDC,CF,CCS) cardicregeneration
DQ596744,non small cell lung carcinoma (nsclc)
piR-33879,colon cancer
DQ586834,alzheimer disease
DQ594464,head and neck cancer
DQ588535,focal ischemia (rat brain)
DQ599162,renal cell carcinoma
DQ570325,Cardiovascular diseases (CDC,CF,CCS) cardicregeneration
DQ600689,renal cell carcinoma
piR-43994,alzheimer disease
DQ589580,Cardiovascular diseases (CDC,CF,CCS) cardicregeneration
DQ590261,Cardiovascular diseases (CDC,CF,CCS) cardicregeneration
DQ579395,renal cell carcinoma
DQ596276,renal cell carcinoma
piR-54265,Cardiovascular diseases (CDC,CF,CCS) cardicregeneration
DQ575681,gastric cancer (recurrence)
piR-33819,Cardiovascular diseases (CDC,CF,CCS) cardicregeneration
DQ597795,heart stroke
piR-33082,breast cancer
piR-36712,pancreatic carcinoma
piR-41435,alzheimer disease
DQ573127,renal cell carcinoma
DQ590474,gastric cancer (recurrence)
DQ570992,ovarian cancer
DQ597893,gastric cancer
piR-60668,rheumatoid arthritis
DQ585247,male infertility
DQ571425,non small cell lung carcinoma (nsclc)
hsa_piR_018780,breast cancer
DQ597325,gastric cancer (recurrence)
DQ589021,Cardiovascular diseases (CDC,CF,CCS) cardicregeneration
DQ596397,non small cell lung carcinoma (nsclc)
DQ573105,renal cell carcinoma
DQ582726,Cardiovascular diseases (CDC,CF,CCS) cardicregeneration
DQ586834,Cardiovascular diseases (CDC,CF,CCS) cardicregeneration
piR-31612,breast cancer
piR-36225,lung cancer
DQ591381,renal cell carcinoma
DQ593870,renal cell carcinoma
piR-41965,endometrial carcinogenesis
piR-54626,alzheimer disease
piR-37524,head and neck (squamous cell) carcinoma
DQ571873,rheumatoid arthritis
piR-36338,alzheimer disease
piR-31638,dysplastic liver nodules and hepatocellular carcinoma
hsa_piR_008114,head and neck cancer
piR-33044,head and neck (squamous cell) carcinoma
DQ591381,leukemia
DQ584367,Cardiovascular diseases (CDC,CF,CCS) cardicregeneration
DQ600116,Cardiovascular diseases (CDC,CF,CCS) cardicregeneration
DQ587862,leukemia
DQ590029,lung cancer
DQ596516,lung cancer (lung adenocarcinoma)
DQ578913,Cardiovascular diseases (CDC,CF,CCS) cardicregeneration
DQ593696,endometrial carcinogenesis
DQ575093,prostate cancer
DQ588615,renal cell carcinoma
hsa_piR_001318,ovarian cancer
hsa_piR_015249,Cardiovascular diseases (CDC,CF,CCS) cardicregeneration
DQ592796,ovarian cancer
DQ571333,ovarian cancer
DQ595777,Cardiovascular diseases (CDC,CF,CCS) cardicregeneration
piR-36707,renal cell carcinoma
DQ593228,Cardiovascular diseases (CDC,CF,CCS) cardicregeneration
piR-33856,gastric cancer
DQ594554,non small cell lung carcinoma (nsclc)
DQ598187,heart stroke
piR-35176,alzheimer disease
DQ597893,renal cell carcinoma
DQ589021,prostate cancer
DQ572568,endometrial carcinogenesis
DQ585247,renal cell carcinoma
DQ577235,breast cancer
hsa_piR_006426,Cardiovascular diseases (CDC,CF,CCS) cardicregeneration
DQ580140,lung cancer (lung adenocarcinoma)
DQ600951,renal cell carcinoma
DQ575681,prostate cancer
DQ583979,renal cell carcinoma
DQ598312,leukemia
piR-31612,leukemia
piR-35284,non small cell lung carcinoma (nsclc)
DQ597968,renal cell carcinoma
piR-36707,prostate cancer
DQ580140,gastric cancer
DQ582853,Cardiovascular diseases (CDC,CF,CCS) cardicregeneration
piR-9540,alzheimer disease
piR-30810,gastric cancer (recurrence)
DQ587200,Cardiovascular diseases (CDC,CF,CCS) cardicregeneration
DQ595759,renal cell carcinoma
DQ587898,Cardiovascular diseases (CDC,CF,CCS) cardicregeneration
hsa_piR_020657,gastric cancer
DQ574281,renal cell carcinoma
DQ590029,head and neck (squamous cell) carcinoma
DQ593879,renal cell carcinoma
DQ591289,gastric cancer
DQ600767,renal cell carcinoma
DQ592796,Cardiovascular diseases (CDC,CF,CCS) cardicregeneration
piR-31355,alzheimer disease
DQ575470,lung cancer
DQ582303,colon cancer
piR-34871,renal cell carcinoma
DQ584367,lung cancer (lung adenocarcinoma)
DQ598186,prostate cancer
DQ580140,prostate cancer
DQ571123,Cardiovascular diseases (CDC,CF,CCS) cardicregeneration
DQ581705,male infertility
DQ597411,lung cancer (lung adenocarcinoma)
DQ597403,Cardiovascular diseases (CDC,CF,CCS) cardicregeneration
DQ584123,gastric cancer
piR-31106,gastric cancer (recurrence)
hsa_piR_004531,non small cell lung carcinoma (nsclc)
piR-34372,heart stroke
DQ587200,renal cell carcinoma
DQ579519,leukemia
DQ577485,alzheimer disease
DQ597499,renal cell carcinoma
piR-33468,focal ischemia (rat brain)
piR-30112,Cardiovascular diseases (CDC,CF,CCS) cardicregeneration
piR-31970,endometrial carcinogenesis
DQ587200,leukemia
DQ570324,colon cancer
DQ571425,rheumatoid arthritis
DQ597216,renal cell carcinoma
piR-60668,ovarian cancer
hsa_piR_020365,Cardiovascular diseases (CDC,CF,CCS) cardicregeneration
piR-31106,gastric cancer
DQ570011,gastric cancer
DQ598312,renal cell carcinoma
piR-36717,alzheimer disease
DQ576200,Cardiovascular diseases (CDC,CF,CCS) cardicregeneration
piR-36251,Cardiovascular diseases (CDC,CF,CCS) cardicregeneration
DQ600860,male infertility
DQ590455,renal cell carcinoma
DQ583613,lung cancer
DQ579349,renal cell carcinoma
piR-34736,breast cancer
DQ586547,non small cell lung carcinoma (nsclc)
DQ601035,Cardiovascular diseases (CDC,CF,CCS) cardicregeneration
DQ578157,renal cell carcinoma
DQ580637,leukemia
DQ596579,renal cell carcinoma
piR-57125,dysplastic liver nodules and hepatocellular carcinoma
DQ582425,focal ischemia (rat brain)
hsa_piR_002158,alzheimer disease
DQ576917,head and neck cancer
hsa_piR_017033,pancreatic carcinoma
DQ586193,Cardiovascular diseases (CDC,CF,CCS) cardicregeneration
DQ587143,renal cell carcinoma
piR-35548,lung cancer
DQ593228,head and neck (squamous cell) carcinoma
piR-36026,alzheimer disease
piR-35548,lung cancer (lung adenocarcinoma)
DQ590750,head and neck (squamous cell) carcinoma
piR-60573,alzheimer disease
hsa_piR_004531,Cardiovascular diseases (CDC,CF,CCS) cardicregeneration
DQ599032,Cardiovascular diseases (CDC,CF,CCS) cardicregeneration
hsa_piR_004531,renal cell carcinoma
DQ587898,renal cell carcinoma
DQ571133,focal ischemia (rat brain)
DQ579519,renal cell carcinoma
piR-31612,alzheimer disease
DQ593696,colon cancer
piR-32377,leukemia
DQ570011,renal cell carcinoma
DQ571413,renal cell carcinoma
DQ577235,leukemia
DQ582303,lung cancer (lung adenocarcinoma)
piR-58469,pancreatic carcinoma
piR-36338,head and neck (squamous cell) carcinoma
DQ600269,prostate cancer
DQ600116,gastric cancer (recurrence)
DQ599928,head and neck cancer
piR-34372,male infertility
piR-31925,ovarian cancer
DQ573284,rheumatoid arthritis
DQ593621,head and neck (squamous cell) carcinoma
piR-60643,Cardiovascular diseases (CDC,CF,CCS) cardicregeneration
hsa_piR_017184,gastric cancer (recurrence)
DQ597117,lung cancer (lung adenocarcinoma)
DQ593242,gastric cancer
DQ590474,renal cell carcinoma
DQ587247,leukemia
DQ573286,heart stroke
piR-31068,male infertility
DQ583255,ovarian cancer
piR-32986,prostate cancer
DQ583128,renal cell carcinoma
piR-31925,male infertility
DQ588535,Cardiovascular diseases (CDC,CF,CCS) cardicregeneration
piR-34221,alzheimer disease
DQ571123,head and neck (squamous cell) carcinoma
piR-36251,alzheimer disease
piR-36444,ovarian cancer
DQ572070,Cardiovascular diseases (CDC,CF,CCS) cardicregeneration
DQ587955,renal cell carcinoma
DQ591244,Cardiovascular diseases (CDC,CF,CCS) cardicregeneration
piR-34372,head and neck (squamous cell) carcinoma
piR-33387,head and neck (squamous cell) carcinoma
hsa_piR_001318,rheumatoid arthritis
DQ573286,leukemia
DQ583196,dysplastic liver nodules and hepatocellular carcinoma
DQ597893,Cardiovascular diseases (CDC,CF,CCS) cardicregeneration
piR-31106,male infertility
DQ583066,Cardiovascular diseases (CDC,CF,CCS) cardicregeneration
piR-31612,endometrial carcinogenesis
DQ576146,heart stroke
DQ584801,lung cancer
DQ582638,prostate cancer
hsa_piR_019914,alzheimer disease
DQ589561,heart stroke
DQ578766,lung cancer (lung adenocarcinoma)
DQ570485,focal ischemia (rat brain)
piR-31038,Cardiovascular diseases (CDC,CF,CCS) cardicregeneration
hsa_piR_006426,non small cell lung carcinoma (nsclc)
piR-40067,rheumatoid arthritis
piR-34377,alzheimer disease
DQ600860,Cardiovascular diseases (CDC,CF,CCS) cardicregeneration
DQ583025,gastric cancer (recurrence)
DQ594921,Cardiovascular diseases (CDC,CF,CCS) cardicregeneration
DQ584889,Cardiovascular diseases (CDC,CF,CCS) cardicregeneration
piR-43772,pancreatic carcinoma
piR-43771,endometrial carcinogenesis
DQ588048,gastric cancer
DQ574768,lung cancer
DQ593049,breast cancer
DQ599928,Cardiovascular diseases (CDC,CF,CCS) cardicregeneration
DQ596397,lung cancer (lung adenocarcinoma)
DQ577750,dysplastic liver nodules and hepatocellular carcinoma
piR-33879,ovarian cancer
piR-31638,heart stroke
DQ588249,Cardiovascular diseases (CDC,CF,CCS) cardicregeneration
DQ581262,renal cell carcinoma
DQ571550,lung cancer
piR-34653,heart stroke
piR-43147,non small cell lung carcinoma (nsclc)
DQ589580,alzheimer disease
DQ590031,ovarian cancer
DQ591030,Cardiovascular diseases (CDC,CF,CCS) cardicregeneration
piR-33519,Cardiovascular diseases (CDC,CF,CCS) cardicregeneration
DQ590548,lung cancer (lung adenocarcinoma)
piR-60577,Cardiovascular diseases (CDC,CF,CCS) cardicregeneration
piR-31447,head and neck cancer
DQ596276,heart stroke
DQ597590,renal cell carcinoma
DQ573521,non small cell lung carcinoma (nsclc)
hsa_piR_019824,dysplastic liver nodules and hepatocellular carcinoma
DQ588328,male infertility
DQ600269,colon cancer
DQ595759,Cardiovascular diseases (CDC,CF,CCS) cardicregeneration
DQ582425,head and neck (squamous cell) carcinoma
hsa_piR_018849,renal cell carcinoma
DQ585247,endometrial carcinogenesis
piR-49124,alzheimer disease
DQ588762,pancreatic carcinoma
DQ600689,non small cell lung carcinoma (nsclc)
piR-35982,head and neck (squamous cell) carcinoma
DQ587653,gastric cancer
DQ588264,gastric cancer
piR-41435,gastric cancer
piR-43772,alzheimer disease
DQ581262,male infertility
piR-54381,breast cancer
DQ596376,leukemia
piR-37525,head and neck (squamous cell) carcinoma
piR-61646,alzheimer disease
hsa_piR_020496,alzheimer disease
DQ573149,breast cancer
DQ574768,prostate cancer
DQ601581,breast cancer
DQ598989,Cardiovascular diseases (CDC,CF,CCS) cardicregeneration
DQ590048,renal cell carcinoma
piR-33437,pancreatic carcinoma
DQ575757,ovarian cancer
DQ571133,pancreatic carcinoma
DQ601405,head and neck cancer
DQ598176,head and neck (squamous cell) carcinoma
DQ576941,male infertility
DQ586208,non small cell lung carcinoma (nsclc)
piR-34871,head and neck (squamous cell) carcinoma
DQ582167,head and neck cancer
piR-52200,pancreatic carcinoma
DQ583613,male infertility
DQ588535,male infertility
piR-31701,Cardiovascular diseases (CDC,CF,CCS) cardicregeneration
piR-60852,head and neck (squamous cell) carcinoma
DQ579349,rheumatoid arthritis
piR-33783,renal cell carcinoma
DQ578157,head and neck (squamous cell) carcinoma
DQ582977,renal cell carcinoma
DQ599190,leukemia
piR-35284,ovarian cancer
DQ575335,heart stroke
DQ576934,lung cancer (lung adenocarcinoma)
piR-43994,renal cell carcinoma
piR-31355,gastric cancer
DQ596744,head and neck cancer
piR-40067,breast cancer
hsa_piR_020450,gastric cancer
piR-43770,renal cell carcinoma
DQ580701,Cardiovascular diseases (CDC,CF,CCS) cardicregeneration
DQ583979,breast cancer
piR-60565,head and neck (squamous cell) carcinoma
DQ598375,lung cancer (lung adenocarcinoma)
DQ587247,heart stroke
piR-36717,endometrial carcinogenesis
DQ583255,renal cell carcinoma
piR-58595,dysplastic liver nodules and hepatocellular carcinoma
piR-36251,male infertility
DQ572704,rheumatoid arthritis
DQ597403,male infertility
DQ597025,Cardiovascular diseases (CDC,CF,CCS) cardicregeneration
DQ582726,renal cell carcinoma
piR-34736,dysplastic liver nodules and hepatocellular carcinoma
piR-35284,endometrial carcinogenesis
DQ570339,endometrial carcinogenesis
piR-60577,gastric cancer (recurrence)
hsa_piR_020365,male infertility
piR-33819,lung cancer
DQ588270,dysplastic liver nodules and hepatocellular carcinoma
piR-43996,Cardiovascular diseases (CDC,CF,CCS) cardicregeneration
DQ585093,Cardiovascular diseases (CDC,CF,CCS) cardicregeneration
piR-33687,alzheimer disease
piR-33382,alzheimer disease
hsa_piR_000586,ovarian cancer
DQ591243,renal cell carcinoma
DQ597396,Cardiovascular diseases (CDC,CF,CCS) cardicregeneration
DQ582293,dysplastic liver nodules and hepatocellular carcinoma
piR-33065,colon cancer
piR-34929,alzheimer disease
DQ575681,alzheimer disease
DQ589334,renal cell carcinoma
DQ593358,head and neck cancer
hsa_piR_020450,gastric cancer (recurrence)
piR-36225,Cardiovascular diseases (CDC,CF,CCS) cardicregeneration
DQ572458,Cardiovascular diseases (CDC,CF,CCS) cardicregeneration
DQ586208,Cardiovascular diseases (CDC,CF,CCS) cardicregeneration
DQ597970,non small cell lung carcinoma (nsclc)
DQ590749,renal cell carcinoma
DQ588415,renal cell carcinoma
piR-34372,non small cell lung carcinoma (nsclc)
hsa_piR_009051,alzheimer disease
piR-54265,gastric cancer (recurrence)
DQ577750,Cardiovascular diseases (CDC,CF,CCS) cardicregeneration
DQ572956,Cardiovascular diseases (CDC,CF,CCS) cardicregeneration
DQ598853,gastric cancer
DQ598187,renal cell carcinoma
hsa_piR_020548,prostate cancer
hsa_piR_016735,breast cancer
DQ588270,lung cancer (lung adenocarcinoma)
DQ596465,ovarian cancer
DQ570339,rheumatoid arthritis
DQ601405,renal cell carcinoma
piR-36251,ovarian cancer
piR-L-163,lung cancer
DQ585247,heart stroke
DQ597396,lung cancer (lung adenocarcinoma)
DQ593242,renal cell carcinoma
DQ586547,Cardiovascular diseases (CDC,CF,CCS) cardicregeneration
piR-31447,heart stroke
DQ583979,Cardiovascular diseases (CDC,CF,CCS) cardicregeneration
DQ588189,renal cell carcinoma
DQ584397,renal cell carcinoma
piR-37213,alzheimer disease
DQ580106,Cardiovascular diseases (CDC,CF,CCS) cardicregeneration
piR-33044,renal cell carcinoma
piR-61648,leukemia
hsa_piR_009051,colon cancer
DQ577240,pancreatic carcinoma
piR-43996,ovarian cancer
piR-823,dysplastic liver nodules and hepatocellular carcinoma
DQ596579,Cardiovascular diseases (CDC,CF,CCS) cardicregeneration
DQ570812,Cardiovascular diseases (CDC,CF,CCS) cardicregeneration
hsa_piR_017033,breast cancer
hsa_piR_019676,head and neck (squamous cell) carcinoma
piR-30318,head and neck (squamous cell) carcinoma
piR-33686,head and neck (squamous cell) carcinoma
DQ595532,prostate cancer
DQ570776,lung cancer
piR-34443,Cardiovascular diseases (CDC,CF,CCS) cardicregeneration
DQ573284,head and neck cancer
DQ590170,renal cell carcinoma
DQ578059,renal cell carcinoma
DQ588628,renal cell carcinoma
DQ576052,dysplastic liver nodules and hepatocellular carcinoma
DQ583473,renal cell carcinoma
DQ596692,renal cell carcinoma
DQ596376,Cardiovascular diseases (CDC,CF,CCS) cardicregeneration
piR-58595,endometrial carcinogenesis
DQ593049,colon cancer
piR-39307,breast cancer
DQ599928,dysplastic liver nodules and hepatocellular carcinoma
DQ597214,dysplastic liver nodules and hepatocellular carcinoma
piR-31638,breast cancer
DQ598142,renal cell carcinoma
DQ598314,renal cell carcinoma
hsa_piR_000045,head and neck cancer
piR-33879,gastric cancer (recurrence)
piR-31612,gastric cancer (recurrence)
DQ574281,lung cancer (lung adenocarcinoma)
DQ591289,renal cell carcinoma
DQ597861,lung cancer
hsa_piR_016664,dysplastic liver nodules and hepatocellular carcinoma
piR-55557,alzheimer disease
piR-36707,male infertility
DQ573127,colon cancer
piR-36712,prostate cancer
piR-45030,Cardiovascular diseases (CDC,CF,CCS) cardicregeneration
piR-60852,breast cancer
hsa_piR_001318,lung cancer (lung adenocarcinoma)
DQ576052,renal cell carcinoma
piR-36251,lung cancer
piR-45030,lung cancer (lung adenocarcinoma)
DQ600860,renal cell carcinoma
piR-31970,male infertility
DQ591289,lung cancer
DQ591994,renal cell carcinoma
piR-34736,non small cell lung carcinoma (nsclc)
DQ582303,renal cell carcinoma
piR-36712,alzheimer disease
hsa_piR_023057,dysplastic liver nodules and hepatocellular carcinoma
hsa_piR_000045,head and neck (squamous cell) carcinoma
DQ598853,lung cancer
piR-36712,head and neck (squamous cell) carcinoma
DQ570324,renal cell carcinoma
DQ577240,gastric cancer (recurrence)
DQ585247,pancreatic carcinoma
DQ575470,Cardiovascular diseases (CDC,CF,CCS) cardicregeneration
DQ587862,male infertility
DQ596465,renal cell carcinoma
DQ593358,leukemia
DQ571003,breast cancer
piR-33387,head and neck cancer
DQ588542,renal cell carcinoma
DQ597945,heart stroke
hsa_piR_020657,heart stroke
DQ575757,renal cell carcinoma
piR-34536,heart stroke
DQ583153,endometrial carcinogenesis
piR-55557,endometrial carcinogenesis
hsa_piR_008112,gastric cancer (recurrence)
piR-33856,alzheimer disease
piR-34653,head and neck cancer
DQ600847,lung cancer (lung adenocarcinoma)
piR-60643,lung cancer (lung adenocarcinoma)
piR-30113,pancreatic carcinoma
hsa_piR_019912,alzheimer disease
DQ598183,dysplastic liver nodules and hepatocellular carcinoma
DQ593358,ovarian cancer
piR-36245,Cardiovascular diseases (CDC,CF,CCS) cardicregeneration
DQ570324,alzheimer disease
piR-33783,heart stroke
DQ599953,breast cancer
piR-44984,breast cancer
DQ595023,dysplastic liver nodules and hepatocellular carcinoma
hsa_piR_020828,dysplastic liver nodules and hepatocellular carcinoma
DQ588551,endometrial carcinogenesis
hsa_piR_021032,breast cancer
DQ582726,alzheimer disease
piR-33043,alzheimer disease
piR-60573,gastric cancer
piR-33044,gastric cancer (recurrence)
DQ597396,focal ischemia (rat brain)
piR-36225,alzheimer disease
DQ597886,dysplastic liver nodules and hepatocellular carcinoma
hsa_piR_001318,pancreatic carcinoma
piR-33856,gastric cancer (recurrence)
DQ572070,head and neck cancer
DQ578157,rheumatoid arthritis
DQ588048,male infertility
piR-31701,focal ischemia (rat brain)
DQ577485,Cardiovascular diseases (CDC,CF,CCS) cardicregeneration
piR-43773,alzheimer disease
DQ583153,gastric cancer
DQ578157,gastric cancer (recurrence)
DQ596744,renal cell carcinoma
DQ600116,renal cell carcinoma
DQ590584,heart stroke
DQ573127,pancreatic carcinoma
DQ597216,alzheimer disease
piR-823,breast cancer
piR-61648,alzheimer disease
DQ570776,prostate cancer
piR-33686,renal cell carcinoma
hsa_piR_008112,breast cancer
hsa_piR_020657,head and neck (squamous cell) carcinoma
piR-47305,renal cell carcinoma
piR-57125,lung cancer
piR-34377,endometrial carcinogenesis
DQ578766,renal cell carcinoma
DQ593228,renal cell carcinoma
piR-61651,rheumatoid arthritis
DQ592842,ovarian cancer
DQ592796,head and neck (squamous cell) carcinoma
piR-34358,heart stroke
DQ598375,renal cell carcinoma
DQ571123,gastric cancer
DQ574768,Cardiovascular diseases (CDC,CF,CCS) cardicregeneration
DQ598508,renal cell carcinoma
piR-31447,male infertility
piR-35545,gastric cancer (recurrence)
DQ599480,renal cell carcinoma
piR-60852,Cardiovascular diseases (CDC,CF,CCS) cardicregeneration
DQ587999,alzheimer disease
DQ599214,renal cell carcinoma
DQ574183,rheumatoid arthritis
piR-51810,gastric cancer (recurrence)
DQ601404,rheumatoid arthritis
DQ597403,gastric cancer
DQ596744,Cardiovascular diseases (CDC,CF,CCS) cardicregeneration
piR-30652,head and neck (squamous cell) carcinoma
DQ588824,alzheimer disease
DQ580637,pancreatic carcinoma
piR-33468,alzheimer disease
piR-33382,renal cell carcinoma
DQ571425,gastric cancer (recurrence)
piR-33437,ovarian cancer
DQ584889,colon cancer
DQ590548,renal cell carcinoma
piR-32986,renal cell carcinoma
DQ599214,focal ischemia (rat brain)
DQ599190,renal cell carcinoma
DQ576771,rheumatoid arthritis
DQ597325,Cardiovascular diseases (CDC,CF,CCS) cardicregeneration
DQ574391,head and neck cancer
DQ577854,gastric cancer (recurrence)
piR-58469,heart stroke
DQ576934,Cardiovascular diseases (CDC,CF,CCS) cardicregeneration
DQ597403,pancreatic carcinoma
DQ593939,renal cell carcinoma
DQ581705,ovarian cancer
DQ599346,head and neck cancer
hsa_piR_019824,focal ischemia (rat brain)
DQ583671,renal cell carcinoma
DQ601581,leukemia
DQ601405,Cardiovascular diseases (CDC,CF,CCS) cardicregeneration
DQ593935,head and neck cancer
DQ588756,gastric cancer (recurrence)
DQ590584,Cardiovascular diseases (CDC,CF,CCS) cardicregeneration
DQ598312,focal ischemia (rat brain)
DQ595532,lung cancer
DQ576934,renal cell carcinoma
DQ589315,renal cell carcinoma
DQ595532,rheumatoid arthritis
DQ585247,dysplastic liver nodules and hepatocellular carcinoma
piR-34221,lung cancer
DQ590873,focal ischemia (rat brain)
DQ578157,alzheimer disease
DQ579395,heart stroke
DQ582293,endometrial carcinogenesis
piR-35548,heart stroke
DQ573330,renal cell carcinoma
DQ571550,focal ischemia (rat brain)
hsa_piR_015249,ovarian cancer
DQ573413,Cardiovascular diseases (CDC,CF,CCS) cardicregeneration
DQ584609,lung cancer
DQ581705,renal cell carcinoma
hsa_piR_009051,heart stroke
DQ597864,renal cell carcinoma
piR-33687,Cardiovascular diseases (CDC,CF,CCS) cardicregeneration
DQ601874,non small cell lung carcinoma (nsclc)
hsa_piR_000586,alzheimer disease
DQ598312,Cardiovascular diseases (CDC,CF,CCS) cardicregeneration
DQ598569,lung cancer
DQ570572,Cardiovascular diseases (CDC,CF,CCS) cardicregeneration
DQ597945,breast cancer
DQ597886,rheumatoid arthritis
piR-33468,head and neck (squamous cell) carcinoma
DQ599408,Cardiovascular diseases (CDC,CF,CCS) cardicregeneration
DQ599117,Cardiovascular diseases (CDC,CF,CCS) cardicregeneration
DQ597861,pancreatic carcinoma
DQ579349,gastric cancer (recurrence)
DQ588342,lung cancer (lung adenocarcinoma)
hsa_piR_008114,male infertility
hsa_piR_015249,renal cell carcinoma
piR-51810,renal cell carcinoma
piR-33043,gastric cancer (recurrence)
DQ573284,Cardiovascular diseases (CDC,CF,CCS) cardicregeneration
DQ593044,rheumatoid arthritis
DQ590873,Cardiovascular diseases (CDC,CF,CCS) cardicregeneration
DQ588615,gastric cancer
hsa_piR_019675,breast cancer
piR-31925,lung cancer (lung adenocarcinoma)
DQ588910,breast cancer
DQ573127,breast cancer
piR-32079,alzheimer disease
DQ596183,focal ischemia (rat brain)
DQ599346,Cardiovascular diseases (CDC,CF,CCS) cardicregeneration
DQ570011,Cardiovascular diseases (CDC,CF,CCS) cardicregeneration
DQ581262,Cardiovascular diseases (CDC,CF,CCS) cardicregeneration
DQ595288,renal cell carcinoma
piR-32636,renal cell carcinoma
DQ571398,colon cancer
DQ597025,head and neck cancer
DQ598183,renal cell carcinoma
piR-43773,heart stroke
DQ570339,lung cancer (lung adenocarcinoma)
DQ589580,renal cell carcinoma
piR-35284,lung cancer
DQ593621,rheumatoid arthritis
hsa_piR_000552,renal cell carcinoma
DQ574281,prostate cancer
piR-36246,dysplastic liver nodules and hepatocellular carcinoma
DQ588531,renal cell carcinoma
DQ572009,leukemia
DQ571174,prostate cancer
piR-9540,head and neck (squamous cell) carcinoma
DQ597216,rheumatoid arthritis
DQ590261,renal cell carcinoma
DQ593870,leukemia
hsa_piR_017033,Cardiovascular diseases (CDC,CF,CCS) cardicregeneration
hsa_piR_020365,breast cancer
DQ597117,renal cell carcinoma
DQ588264,renal cell carcinoma
DQ596276,head and neck cancer
piR-61298,ovarian cancer
DQ597214,alzheimer disease
piR-33082,pancreatic carcinoma
piR-33043,Cardiovascular diseases (CDC,CF,CCS) cardicregeneration
piR-31038,head and neck cancer
DQ586193,renal cell carcinoma
DQ591430,Cardiovascular diseases (CDC,CF,CCS) cardicregeneration
DQ600689,pancreatic carcinoma
DQ588910,Cardiovascular diseases (CDC,CF,CCS) cardicregeneration
DQ601150,Cardiovascular diseases (CDC,CF,CCS) cardicregeneration
DQ597216,lung cancer
DQ590170,lung cancer
DQ588291,renal cell carcinoma
DQ587247,renal cell carcinoma
DQ590908,gastric cancer (recurrence)
piR-34929,heart stroke
DQ598532,ovarian cancer
hsa_piR_002158,renal cell carcinoma
DQ578790,prostate cancer
DQ598508,head and neck cancer
DQ592842,Cardiovascular diseases (CDC,CF,CCS) cardicregeneration
DQ594507,breast cancer
piR-34420,dysplastic liver nodules and hepatocellular carcinoma
piR-34871,gastric cancer (recurrence)
piR-36318,renal cell carcinoma
hsa_piR_007336,dysplastic liver nodules and hepatocellular carcinoma
hsa_piR_017033,dysplastic liver nodules and hepatocellular carcinoma
DQ587143,pancreatic carcinoma
DQ588270,alzheimer disease
piR-33879,focal ischemia (rat brain)
DQ588048,renal cell carcinoma
DQ590550,renal cell carcinoma
DQ575471,prostate cancer
piR-57125,renal cell carcinoma
hsa_piR_008033,renal cell carcinoma
hsa_piR_021032,renal cell carcinoma
hsa_piR_008114,renal cell carcinoma
DQ593935,lung cancer (lung adenocarcinoma)
DQ600689,leukemia
DQ590584,renal cell carcinoma
DQ590908,Cardiovascular diseases (CDC,CF,CCS) cardicregeneration
DQ587200,breast cancer
DQ597795,rheumatoid arthritis
DQ584115,Cardiovascular diseases (CDC,CF,CCS) cardicregeneration
DQ583196,Cardiovascular diseases (CDC,CF,CCS) cardicregeneration
piR-32635,head and neck (squamous cell) carcinoma
DQ593619,renal cell carcinoma
hsa_piR_002158,endometrial carcinogenesis
DQ597025,renal cell carcinoma
piR-36712,leukemia
DQ588048,Cardiovascular diseases (CDC,CF,CCS) cardicregeneration
DQ585410,Cardiovascular diseases (CDC,CF,CCS) cardicregeneration
piR-31038,alzheimer disease
piR-31612,Cardiovascular diseases (CDC,CF,CCS) cardicregeneration
piR-33687,head and neck (squamous cell) carcinoma
DQ587143,heart stroke
hsa_piR_020829,dysplastic liver nodules and hepatocellular carcinoma
hsa_piR_017184,alzheimer disease
hsa_piR_004531,dysplastic liver nodules and hepatocellular carcinoma
DQ598447,Cardiovascular diseases (CDC,CF,CCS) cardicregeneration
DQ598569,pancreatic carcinoma
DQ590550,lung cancer (lung adenocarcinoma)
DQ597973,Cardiovascular diseases (CDC,CF,CCS) cardicregeneration
hsa_piR_020365,alzheimer disease
DQ590584,non small cell lung carcinoma (nsclc)
hsa_piR_002158,lung cancer (lung adenocarcinoma)
DQ573149,gastric cancer
DQ588762,head and neck (squamous cell) carcinoma
DQ575093,renal cell carcinoma
piR-31106,alzheimer disease
hsa_piR_019824,pancreatic carcinoma
DQ593358,dysplastic liver nodules and hepatocellular carcinoma
DQ583128,head and neck (squamous cell) carcinoma
piR-32079,rheumatoid arthritis
piR-36717,heart stroke
DQ588264,prostate cancer
piR-31447,breast cancer
DQ588919,rheumatoid arthritis
DQ600359,Cardiovascular diseases (CDC,CF,CCS) cardicregeneration
piR-34653,head and neck (squamous cell) carcinoma
DQ573286,renal cell carcinoma
piR-34929,renal cell carcinoma
piR-33044,ovarian cancer
piR-35284,gastric cancer (recurrence)
DQ570992,Cardiovascular diseases (CDC,CF,CCS) cardicregeneration
hsa_piR_023057,rheumatoid arthritis
piR-33065,gastric cancer
hsa_piR_020829,ovarian cancer
DQ585352,non small cell lung carcinoma (nsclc)
DQ588193,lung cancer (lung adenocarcinoma)
DQ597403,prostate cancer
DQ597893,colon cancer
DQ598508,rheumatoid arthritis
DQ583255,lung cancer (lung adenocarcinoma)
DQ587954,Cardiovascular diseases (CDC,CF,CCS) cardicregeneration
DQ597827,Cardiovascular diseases (CDC,CF,CCS) cardicregeneration
DQ576941,renal cell carcinoma
DQ580637,prostate cancer
DQ601404,lung cancer
DQ588328,non small cell lung carcinoma (nsclc)
DQ599190,prostate cancer
DQ600269,gastric cancer (recurrence)
piR-31703,gastric cancer (recurrence)
DQ594554,Cardiovascular diseases (CDC,CF,CCS) cardicregeneration
DQ581670,Cardiovascular diseases (CDC,CF,CCS) cardicregeneration
DQ576941,ovarian cancer
piR-36707,breast cancer
DQ573521,gastric cancer
DQ590047,Cardiovascular diseases (CDC,CF,CCS) cardicregeneration
DQ576146,renal cell carcinoma
hsa_piR_003728,renal cell carcinoma
DQ572009,renal cell carcinoma
DQ583196,renal cell carcinoma
DQ589561,lung cancer
piR-54381,gastric cancer (recurrence)
DQ587143,gastric cancer (recurrence)
piR-33686,gastric cancer (recurrence)
DQ580337,renal cell carcinoma
hsa_piR_007336,focal ischemia (rat brain)
piR-33043,male infertility
DQ586202,Cardiovascular diseases (CDC,CF,CCS) cardicregeneration
DQ571413,leukemia
piR-33415,ovarian cancer
DQ593049,Cardiovascular diseases (CDC,CF,CCS) cardicregeneration
piR-43996,prostate cancer
DQ578372,Cardiovascular diseases (CDC,CF,CCS) cardicregeneration
DQ573149,renal cell carcinoma
DQ588615,focal ischemia (rat brain)
piR-43771,head and neck (squamous cell) carcinoma
DQ590047,focal ischemia (rat brain)
DQ574391,lung cancer (lung adenocarcinoma)
DQ594178,renal cell carcinoma
piR-36150,ovarian cancer
DQ570812,colon cancer
DQ581262,lung cancer
DQ590048,gastric cancer
DQ597403,dysplastic liver nodules and hepatocellular carcinoma
DQ588328,renal cell carcinoma
piR-36717,head and neck (squamous cell) carcinoma
DQ595288,alzheimer disease
DQ587862,dysplastic liver nodules and hepatocellular carcinoma
DQ579349,lung cancer (lung adenocarcinoma)
DQ598989,renal cell carcinoma
DQ596397,colon cancer
DQ580337,non small cell lung carcinoma (nsclc)
piR-31701,lung cancer (lung adenocarcinoma)
DQ584115,renal cell carcinoma
DQ597696,renal cell carcinoma
DQ596280,renal cell carcinoma
hsa_piR_008033,dysplastic liver nodules and hepatocellular carcinoma
DQ570325,gastric cancer
DQ578790,Cardiovascular diseases (CDC,CF,CCS) cardicregeneration
piR-43770,alzheimer disease
DQ597396,breast cancer
hsa_piR_019676,gastric cancer (recurrence)
hsa_piR_009051,prostate cancer
DQ574281,alzheimer disease
piR-34653,alzheimer disease
DQ574281,lung cancer
piR-43771,prostate cancer
DQ588762,renal cell carcinoma
hsa_piR_021032,ovarian cancer
DQ590750,ovarian cancer
DQ597968,dysplastic liver nodules and hepatocellular carcinoma
DQ570734,gastric cancer
DQ575347,lung cancer (lung adenocarcinoma)
DQ587785,rheumatoid arthritis
DQ590030,dysplastic liver nodules and hepatocellular carcinoma
DQ592324,heart stroke
DQ597971,dysplastic liver nodules and hepatocellular carcinoma
DQ576052,Cardiovascular diseases (CDC,CF,CCS) cardicregeneration
DQ601150,renal cell carcinoma
DQ598569,renal cell carcinoma
DQ579582,endometrial carcinogenesis
DQ598190,renal cell carcinoma
DQ583979,endometrial carcinogenesis
DQ583153,renal cell carcinoma
DQ587200,male infertility
DQ583754,Cardiovascular diseases (CDC,CF,CCS) cardicregeneration
DQ601150,leukemia
DQ597117,Cardiovascular diseases (CDC,CF,CCS) cardicregeneration
hsa_piR_020548,gastric cancer
DQ592379,renal cell carcinoma
DQ597216,breast cancer
piR-31106,Cardiovascular diseases (CDC,CF,CCS) cardicregeneration
piR-43771,male infertility
DQ583128,Cardiovascular diseases (CDC,CF,CCS) cardicregeneration
piR-43773,renal cell carcinoma
piR-43996,non small cell lung carcinoma (nsclc)
piR-34929,gastric cancer (recurrence)
DQ601874,ovarian cancer
piR-35545,alzheimer disease
piR-55660,head and neck (squamous cell) carcinoma
piR-36225,endometrial carcinogenesis
DQ575347,Cardiovascular diseases (CDC,CF,CCS) cardicregeneration
DQ588542,breast cancer
piR-37524,gastric cancer (recurrence)
piR-33686,dysplastic liver nodules and hepatocellular carcinoma
DQ593431,renal cell carcinoma
hsa_piR_019102,renal cell carcinoma
piR-32986,gastric cancer (recurrence)
piR-34536,leukemia
DQ588756,male infertility
DQ581670,renal cell carcinoma
hsa_piR_021032,gastric cancer (recurrence)
DQ597696,male infertility
piR-33044,pancreatic carcinoma
piR-33082,Cardiovascular diseases (CDC,CF,CCS) cardicregeneration
DQ594507,Cardiovascular diseases (CDC,CF,CCS) cardicregeneration
DQ586202,head and neck (squamous cell) carcinoma
piR-31068,ovarian cancer
hsa_piR_007336,rheumatoid arthritis
DQ587221,Cardiovascular diseases (CDC,CF,CCS) cardicregeneration
piR-56450,head and neck cancer
hsa_piR_020365,dysplastic liver nodules and hepatocellular carcinoma
DQ588919,Cardiovascular diseases (CDC,CF,CCS) cardicregeneration
piR-34221,ovarian cancer
DQ590030,endometrial carcinogenesis
piR-30113,heart stroke
piR-32636,endometrial carcinogenesis
piR-34736,head and neck cancer
piR-36742,head and neck cancer
piR-33043,head and neck (squamous cell) carcinoma
DQ571174,Cardiovascular diseases (CDC,CF,CCS) cardicregeneration
DQ600269,Cardiovascular diseases (CDC,CF,CCS) cardicregeneration
DQ582638,Cardiovascular diseases (CDC,CF,CCS) cardicregeneration
DQ582549,renal cell carcinoma
DQ586834,prostate cancer
DQ596744,focal ischemia (rat brain)
DQ585385,endometrial carcinogenesis
piR-30810,ovarian cancer
piR-61298,gastric cancer (recurrence)
DQ590030,renal cell carcinoma
DQ582549,Cardiovascular diseases (CDC,CF,CCS) cardicregeneration
DQ596516,rheumatoid arthritis
piR-57125,gastric cancer (recurrence)
DQ590170,pancreatic carcinoma
DQ595532,non small cell lung carcinoma (nsclc)
DQ578157,leukemia
DQ588270,Cardiovascular diseases (CDC,CF,CCS) cardicregeneration
DQ583153,Cardiovascular diseases (CDC,CF,CCS) cardicregeneration
piR-43604,breast cancer
piR-34984,gastric cancer (recurrence)
piR-36040,lung cancer (lung adenocarcinoma)
piR-31638,ovarian cancer
piR-33468,non small cell lung carcinoma (nsclc)
DQ583613,alzheimer disease
DQ599346,leukemia
DQ582425,renal cell carcinoma
hsa_piR_009294,lung cancer
piR-31703,rheumatoid arthritis
piR-33468,Cardiovascular diseases (CDC,CF,CCS) cardicregeneration
DQ583674,dysplastic liver nodules and hepatocellular carcinoma
DQ596744,prostate cancer
DQ577046,Cardiovascular diseases (CDC,CF,CCS) cardicregeneration
DQ583025,colon cancer
DQ575470,renal cell carcinoma
DQ601405,gastric cancer
DQ590908,lung cancer (lung adenocarcinoma)
DQ571133,renal cell carcinoma
DQ597397,alzheimer disease
DQ588264,lung cancer (lung adenocarcinoma)
piR-33519,gastric cancer (recurrence)
piR-34533,alzheimer disease
DQ595777,head and neck cancer
piR-57125,non small cell lung carcinoma (nsclc)
piR-32374,alzheimer disease
piR-33387,ovarian cancer
DQ591410,renal cell carcinoma
DQ570485,heart stroke
DQ595128,renal cell carcinoma
piR-57125,lung cancer (lung adenocarcinoma)
hsa_piR_007336,male infertility
DQ594554,renal cell carcinoma
DQ597970,dysplastic liver nodules and hepatocellular carcinoma
DQ587785,lung cancer (lung adenocarcinoma)
hsa_piR_018849,breast cancer
DQ573413,rheumatoid arthritis
DQ584898,lung cancer (lung adenocarcinoma)
DQ597893,ovarian cancer
DQ591244,dysplastic liver nodules and hepatocellular carcinoma
DQ592796,head and neck cancer
DQ598189,colon cancer
piR-33856,ovarian cancer
hsa_piR_019824,alzheimer disease
piR-36246,prostate cancer
DQ585352,Cardiovascular diseases (CDC,CF,CCS) cardicregeneration
DQ591522,lung cancer (lung adenocarcinoma)
DQ599032,renal cell carcinoma
DQ593431,ovarian cancer
DQ599214,breast cancer
DQ589581,lung cancer (lung adenocarcinoma)
DQ598204,head and neck (squamous cell) carcinoma
piR-60238,breast cancer
DQ588272,pancreatic carcinoma
DQ584801,lung cancer (lung adenocarcinoma)
DQ581368,renal cell carcinoma
DQ590031,head and neck cancer
piR-36040,gastric cancer
DQ587955,pancreatic carcinoma
DQ578059,gastric cancer (recurrence)
DQ588542,Cardiovascular diseases (CDC,CF,CCS) cardicregeneration
DQ598204,alzheimer disease
hsa_piR_018780,ovarian cancer
piR-60573,head and neck cancer
DQ575420,renal cell carcinoma
DQ595777,male infertility
piR-33044,heart stroke
piR-36246,head and neck (squamous cell) carcinoma
DQ580637,male infertility
DQ588291,Cardiovascular diseases (CDC,CF,CCS) cardicregeneration
DQ594554,endometrial carcinogenesis
DQ597397,ovarian cancer
piR-36040,rheumatoid arthritis
DQ593052,ovarian cancer
DQ597997,Cardiovascular diseases (CDC,CF,CCS) cardicregeneration
DQ587999,renal cell carcinoma
DQ597411,renal cell carcinoma
DQ599117,gastric cancer (recurrence)
hsa_piR_000045,breast cancer
hsa_piR_020450,breast cancer
DQ596277,Cardiovascular diseases (CDC,CF,CCS) cardicregeneration
DQ599906,colon cancer
DQ583671,alzheimer disease
hsa_piR_004531,pancreatic carcinoma
piR-30652,heart stroke
DQ601404,endometrial carcinogenesis
DQ577269,renal cell carcinoma
DQ583128,rheumatoid arthritis
DQ583255,Cardiovascular diseases (CDC,CF,CCS) cardicregeneration
DQ587862,endometrial carcinogenesis
DQ588193,Cardiovascular diseases (CDC,CF,CCS) cardicregeneration
hsa_piR_019822,gastric cancer
DQ571333,heart stroke
DQ600892,head and neck cancer
DQ577854,renal cell carcinoma
DQ601405,breast cancer
DQ575093,Cardiovascular diseases (CDC,CF,CCS) cardicregeneration
DQ590029,head and neck cancer
DQ592796,renal cell carcinoma
DQ590584,ovarian cancer
DQ596280,Cardiovascular diseases (CDC,CF,CCS) cardicregeneration
DQ571133,gastric cancer
DQ597214,lung cancer
DQ588531,alzheimer disease
piR-30652,alzheimer disease
DQ573330,Cardiovascular diseases (CDC,CF,CCS) cardicregeneration
DQ599071,renal cell carcinoma
DQ601592,renal cell carcinoma
piR-32377,heart stroke
DQ591030,renal cell carcinoma
DQ593696,head and neck cancer
piR-36246,Cardiovascular diseases (CDC,CF,CCS) cardicregeneration
hsa_piR_019824,head and neck (squamous cell) carcinoma
hsa_piR_000552,breast cancer
DQ573330,non small cell lung carcinoma (nsclc)
DQ576516,renal cell carcinoma
DQ595179,renal cell carcinoma
DQ573127,Cardiovascular diseases (CDC,CF,CCS) cardicregeneration
DQ576146,Cardiovascular diseases (CDC,CF,CCS) cardicregeneration
piR-30926,dysplastic liver nodules and hepatocellular carcinoma
DQ575741,dysplastic liver nodules and hepatocellular carcinoma
piR-34377,dysplastic liver nodules and hepatocellular carcinoma
piR-54626,head and neck cancer
DQ578059,Cardiovascular diseases (CDC,CF,CCS) cardicregeneration
DQ591522,renal cell carcinoma
DQ572568,renal cell carcinoma
DQ601581,renal cell carcinoma
DQ592975,lung cancer
DQ593619,endometrial carcinogenesis
DQ574183,male infertility
piR-9540,rheumatoid arthritis
piR-30112,head and neck (squamous cell) carcinoma
DQ598142,alzheimer disease
DQ573330,ovarian cancer
DQ590548,Cardiovascular diseases (CDC,CF,CCS) cardicregeneration
DQ583083,Cardiovascular diseases (CDC,CF,CCS) cardicregeneration
piR-49124,heart stroke
DQ575881,ovarian cancer
hsa_piR_004531,male infertility
DQ571413,pancreatic carcinoma
piR-43772,head and neck (squamous cell) carcinoma
hsa_piR_019675,heart stroke
DQ597325,lung cancer
DQ596183,Cardiovascular diseases (CDC,CF,CCS) cardicregeneration
piR-33044,non small cell lung carcinoma (nsclc)
DQ590908,dysplastic liver nodules and hepatocellular carcinoma
piR-31638,lung cancer
DQ587954,renal cell carcinoma
DQ578913,renal cell carcinoma
piR-35545,lung cancer (lung adenocarcinoma)
DQ593935,alzheimer disease
piR-33415,Cardiovascular diseases (CDC,CF,CCS) cardicregeneration
DQ582167,dysplastic liver nodules and hepatocellular carcinoma
DQ578766,colon cancer
piR-33783,head and neck cancer
piR-33468,head and neck cancer
DQ580637,renal cell carcinoma
piR-34372,renal cell carcinoma
hsa_piR_019102,alzheimer disease
DQ579519,alzheimer disease
piR-60577,ovarian cancer
DQ588291,alzheimer disease
DQ587862,heart stroke
DQ588756,Cardiovascular diseases (CDC,CF,CCS) cardicregeneration
piR-32986,non small cell lung carcinoma (nsclc)
DQ588268,Cardiovascular diseases (CDC,CF,CCS) cardicregeneration
piR-41965,breast cancer
piR-33382,Cardiovascular diseases (CDC,CF,CCS) cardicregeneration
DQ589315,Cardiovascular diseases (CDC,CF,CCS) cardicregeneration
DQ592975,Cardiovascular diseases (CDC,CF,CCS) cardicregeneration
piR-36717,renal cell carcinoma
DQ592379,dysplastic liver nodules and hepatocellular carcinoma
DQ590028,focal ischemia (rat brain)
DQ590048,Cardiovascular diseases (CDC,CF,CCS) cardicregeneration
DQ577750,renal cell carcinoma
DQ570572,renal cell carcinoma
piR-36150,head and neck (squamous cell) carcinoma
DQ588531,leukemia
piR-36040,Cardiovascular diseases (CDC,CF,CCS) cardicregeneration
DQ598427,lung cancer
DQ594640,renal cell carcinoma
DQ597148,Cardiovascular diseases (CDC,CF,CCS) cardicregeneration
piR-34358,alzheimer disease
piR-55152,renal cell carcinoma
DQ597886,male infertility
hsa_piR_020365,colon cancer
DQ582977,leukemia
DQ583025,Cardiovascular diseases (CDC,CF,CCS) cardicregeneration
DQ588249,non small cell lung carcinoma (nsclc)
piR-823,rheumatoid arthritis
DQ599162,Cardiovascular diseases (CDC,CF,CCS) cardicregeneration
piR-30506,Cardiovascular diseases (CDC,CF,CCS) cardicregeneration
hsa_piR_020450,dysplastic liver nodules and hepatocellular carcinoma
piR-31612,dysplastic liver nodules and hepatocellular carcinoma
piR-32635,ovarian cancer
DQ576934,rheumatoid arthritis
piR-36245,alzheimer disease
DQ583066,renal cell carcinoma
DQ587200,head and neck (squamous cell) carcinoma
DQ570572,colon cancer
piR-37213,dysplastic liver nodules and hepatocellular carcinoma
DQ584144,Cardiovascular diseases (CDC,CF,CCS) cardicregeneration
DQ590030,lung cancer (lung adenocarcinoma)
DQ576200,focal ischemia (rat brain)
DQ582853,renal cell carcinoma
hsa_piR_008112,head and neck (squamous cell) carcinoma
DQ591864,colon cancer
DQ570812,lung cancer
DQ597971,gastric cancer
DQ598312,male infertility
DQ599010,renal cell carcinoma
DQ593044,renal cell carcinoma
piR-43770,Cardiovascular diseases (CDC,CF,CCS) cardicregeneration
piR-31355,male infertility
piR-35545,Cardiovascular diseases (CDC,CF,CCS) cardicregeneration
DQ600767,dysplastic liver nodules and hepatocellular carcinoma
DQ575347,focal ischemia (rat brain)
DQ570812,renal cell carcinoma
DQ588342,endometrial carcinogenesis
DQ598204,Cardiovascular diseases (CDC,CF,CCS) cardicregeneration
DQ598314,Cardiovascular diseases (CDC,CF,CCS) cardicregeneration
DQ598532,Cardiovascular diseases (CDC,CF,CCS) cardicregeneration
hsa_piR_019824,gastric cancer (recurrence)
DQ570324,head and neck cancer
piR-37213,Cardiovascular diseases (CDC,CF,CCS) cardicregeneration
DQ590047,rheumatoid arthritis
DQ575681,pancreatic carcinoma
piR-32635,renal cell carcinoma
DQ597148,non small cell lung carcinoma (nsclc)
DQ583674,Cardiovascular diseases (CDC,CF,CCS) cardicregeneration
piR-41965,ovarian cancer
DQ598312,ovarian cancer
DQ580337,Cardiovascular diseases (CDC,CF,CCS) cardicregeneration
DQ597117,ovarian cancer
piR-30506,heart stroke
piR-61651,renal cell carcinoma
DQ588824,colon cancer
DQ590261,alzheimer disease
piR-35953,dysplastic liver nodules and hepatocellular carcinoma
DQ600268,male infertility
DQ601874,Cardiovascular diseases (CDC,CF,CCS) cardicregeneration
piR-34420,endometrial carcinogenesis
piR-30506,renal cell carcinoma
piR-60577,alzheimer disease
DQ593619,leukemia
DQ593696,Cardiovascular diseases (CDC,CF,CCS) cardicregeneration
piR-31612,male infertility
DQ590170,Cardiovascular diseases (CDC,CF,CCS) cardicregeneration
DQ597968,rheumatoid arthritis
DQ582175,rheumatoid arthritis
piR-35548,dysplastic liver nodules and hepatocellular carcinoma
DQ571333,renal cell carcinoma
DQ572009,Cardiovascular diseases (CDC,CF,CCS) cardicregeneration
DQ573286,Cardiovascular diseases (CDC,CF,CCS) cardicregeneration
DQ599953,Cardiovascular diseases (CDC,CF,CCS) cardicregeneration
DQ595532,renal cell carcinoma
piR-60668,male infertility
DQ595128,Cardiovascular diseases (CDC,CF,CCS) cardicregeneration
DQ577269,focal ischemia (rat brain)
DQ570324,endometrial carcinogenesis
DQ575741,lung cancer (lung adenocarcinoma)
DQ583153,heart stroke
DQ599906,rheumatoid arthritis
piR-51810,focal ischemia (rat brain)
DQ588551,head and neck (squamous cell) carcinoma
piR-41965,renal cell carcinoma
hsa_piR_009051,renal cell carcinoma
DQ576768,head and neck cancer
DQ591244,focal ischemia (rat brain)
DQ595458,gastric cancer
DQ600847,Cardiovascular diseases (CDC,CF,CCS) cardicregeneration
piR-43996,alzheimer disease
hsa_piR_019102,head and neck (squamous cell) carcinoma
DQ579395,breast cancer
piR-55152,breast cancer
piR-34372,breast cancer
piR-30652,non small cell lung carcinoma (nsclc)
DQ598186,Cardiovascular diseases (CDC,CF,CCS) cardicregeneration
DQ592379,heart stroke
DQ589315,dysplastic liver nodules and hepatocellular carcinoma
piR-33519,head and neck (squamous cell) carcinoma
piR-33415,rheumatoid arthritis
piR-36742,Cardiovascular diseases (CDC,CF,CCS) cardicregeneration
DQ600689,ovarian cancer
piR-30810,Cardiovascular diseases (CDC,CF,CCS) cardicregeneration
DQ597499,alzheimer disease
piR-32079,renal cell carcinoma
piR-32635,focal ischemia (rat brain)
piR-34533,renal cell carcinoma
DQ590047,renal cell carcinoma
piR-43604,male infertility
DQ597795,head and neck cancer
DQ584397,Cardiovascular diseases (CDC,CF,CCS) cardicregeneration
piR-55557,renal cell carcinoma
DQ600269,head and neck (squamous cell) carcinoma
DQ572704,renal cell carcinoma
DQ590474,rheumatoid arthritis
DQ600951,dysplastic liver nodules and hepatocellular carcinoma
DQ600994,rheumatoid arthritis
piR-52200,gastric cancer (recurrence)
DQ571873,renal cell carcinoma
DQ582108,rheumatoid arthritis
DQ598190,Cardiovascular diseases (CDC,CF,CCS) cardicregeneration
DQ596516,Cardiovascular diseases (CDC,CF,CCS) cardicregeneration
DQ590750,male infertility
DQ572568,Cardiovascular diseases (CDC,CF,CCS) cardicregeneration
DQ581368,lung cancer
DQ573521,rheumatoid arthritis
piR-54381,male infertility
hsa_piR_019822,renal cell carcinoma
DQ580140,Cardiovascular diseases (CDC,CF,CCS) cardicregeneration
hsa_piR_016735,ovarian cancer
DQ590455,breast cancer
DQ584898,breast cancer
DQ598312,breast cancer
piR-47305,breast cancer
DQ598183,Cardiovascular diseases (CDC,CF,CCS) cardicregeneration
DQ590548,head and neck (squamous cell) carcinoma
DQ588270,renal cell carcinoma
DQ588628,leukemia
DQ589021,dysplastic liver nodules and hepatocellular carcinoma
piR-57125,heart stroke
DQ591244,colon cancer
piR-9540,ovarian cancer
piR-33783,male infertility
DQ584801,heart stroke
DQ600269,alzheimer disease
DQ577269,Cardiovascular diseases (CDC,CF,CCS) cardicregeneration
DQ596744,heart stroke
DQ584898,dysplastic liver nodules and hepatocellular carcinoma
piR-34536,alzheimer disease
piR-47305,heart stroke
piR-61646,head and neck (squamous cell) carcinoma
piR-36717,breast cancer
DQ571133,endometrial carcinogenesis
piR-40982,breast cancer
piR-31638,prostate cancer
DQ575093,male infertility
DQ582638,ovarian cancer
DQ593358,male infertility
DQ597396,alzheimer disease
piR-30112,breast cancer
piR-60668,head and neck (squamous cell) carcinoma
DQ572009,colon cancer
DQ570011,lung cancer (lung adenocarcinoma)
DQ584367,renal cell carcinoma
DQ587862,ovarian cancer
DQ599010,gastric cancer
DQ590873,renal cell carcinoma
DQ587862,renal cell carcinoma
piR-43771,head and neck cancer
DQ591430,gastric cancer
piR-36225,renal cell carcinoma
hsa_piR_020814,dysplastic liver nodules and hepatocellular carcinoma
piR-36061,renal cell carcinoma
piR-37523,gastric cancer
DQ590474,Cardiovascular diseases (CDC,CF,CCS) cardicregeneration
piR-33856,breast cancer
DQ583674,renal cell carcinoma
DQ580701,renal cell carcinoma
DQ582058,renal cell carcinoma
DQ577870,prostate cancer
piR-36318,alzheimer disease
DQ595759,breast cancer
DQ582175,gastric cancer (recurrence)
DQ587862,Cardiovascular diseases (CDC,CF,CCS) cardicregeneration
DQ570734,Cardiovascular diseases (CDC,CF,CCS) cardicregeneration
piR-37523,renal cell carcinoma
piR-54265,alzheimer disease
DQ589334,Cardiovascular diseases (CDC,CF,CCS) cardicregeneration
DQ583083,lung cancer
DQ590029,renal cell carcinoma
piR-58595,renal cell carcinoma
DQ601874,renal cell carcinoma
DQ570992,heart stroke
DQ600269,heart stroke
DQ571003,prostate cancer
piR-33880,lung cancer (lung adenocarcinoma)
DQ584898,renal cell carcinoma
DQ581368,Cardiovascular diseases (CDC,CF,CCS) cardicregeneration
piR-34443,prostate cancer
piR-45030,dysplastic liver nodules and hepatocellular carcinoma
DQ573284,renal cell carcinoma
piR-54265,ovarian cancer
DQ595288,endometrial carcinogenesis
DQ597499,focal ischemia (rat brain)
DQ598571,renal cell carcinoma
DQ589021,lung cancer
DQ570812,breast cancer
DQ593939,rheumatoid arthritis
piR-60668,endometrial carcinogenesis
DQ597972,colon cancer
DQ597214,renal cell carcinoma
DQ587954,head and neck (squamous cell) carcinoma
DQ588415,Cardiovascular diseases (CDC,CF,CCS) cardicregeneration
DQ597997,breast cancer
DQ584898,colon cancer
hsa_piR_015249,head and neck cancer
hsa_piR_020496,endometrial carcinogenesis
DQ578913,colon cancer
DQ593696,gastric cancer
DQ586193,alzheimer disease
piR-33880,alzheimer disease
DQ588328,leukemia
hsa_piR_008114,gastric cancer (recurrence)
piR-61298,alzheimer disease
piR-32635,gastric cancer (recurrence)
DQ583754,renal cell carcinoma
DQ594464,head and neck (squamous cell) carcinoma
DQ597970,Cardiovascular diseases (CDC,CF,CCS) cardicregeneration
hsa_piR_017033,heart stroke
DQ599117,dysplastic liver nodules and hepatocellular carcinoma
DQ590028,ovarian cancer
piR-36245,non small cell lung carcinoma (nsclc)
piR-43147,rheumatoid arthritis
piR-36712,gastric cancer (recurrence)
piR-35548,renal cell carcinoma
DQ580481,lung cancer (lung adenocarcinoma)
hsa_piR_023057,alzheimer disease
piR-44984,endometrial carcinogenesis
hsa_piR_019102,pancreatic carcinoma
piR-9540,colon cancer
DQ582108,colon cancer
DQ575757,head and neck cancer
DQ600268,Cardiovascular diseases (CDC,CF,CCS) cardicregeneration
DQ588189,Cardiovascular diseases (CDC,CF,CCS) cardicregeneration
piR-37525,heart stroke
DQ597861,Cardiovascular diseases (CDC,CF,CCS) cardicregeneration
DQ571413,male infertility
DQ600951,focal ischemia (rat brain)
DQ582425,Cardiovascular diseases (CDC,CF,CCS) cardicregeneration
DQ583473,dysplastic liver nodules and hepatocellular carcinoma
DQ587955,gastric cancer (recurrence)
DQ599010,lung cancer (lung adenocarcinoma)
DQ588756,heart stroke
DQ600268,renal cell carcinoma
DQ582638,leukemia
DQ588346,Cardiovascular diseases (CDC,CF,CCS) cardicregeneration
DQ589315,lung cancer (lung adenocarcinoma)
DQ600994,ovarian cancer
DQ575347,renal cell carcinoma
hsa_piR_019675,Cardiovascular diseases (CDC,CF,CCS) cardicregeneration
DQ597827,non small cell lung carcinoma (nsclc)
hsa_piR_019914,dysplastic liver nodules and hepatocellular carcinoma
hsa_piR_019822,dysplastic liver nodules and hepatocellular carcinoma
DQ595023,renal cell carcinoma
DQ590550,gastric cancer
DQ578790,gastric cancer
DQ576516,Cardiovascular diseases (CDC,CF,CCS) cardicregeneration
piR-34420,renal cell carcinoma
DQ588272,renal cell carcinoma
piR-57125,ovarian cancer
hsa_piR_009294,colon cancer
hsa_piR_008114,ovarian cancer
piR-36444,alzheimer disease
piR-34221,gastric cancer (recurrence)
DQ590170,endometrial carcinogenesis
piR-55152,endometrial carcinogenesis
DQ597945,Cardiovascular diseases (CDC,CF,CCS) cardicregeneration
DQ598532,breast cancer
piR-34653,endometrial carcinogenesis
DQ588346,male infertility
DQ572568,leukemia
DQ597886,alzheimer disease
DQ571204,endometrial carcinogenesis
DQ600994,Cardiovascular diseases (CDC,CF,CCS) cardicregeneration
DQ582108,gastric cancer
piR-34358,leukemia
DQ570572,heart stroke
piR-35176,Cardiovascular diseases (CDC,CF,CCS) cardicregeneration
piR-30926,non small cell lung carcinoma (nsclc)
piR-36150,gastric cancer (recurrence)
piR-34377,Cardiovascular diseases (CDC,CF,CCS) cardicregeneration
hsa_piR_020657,dysplastic liver nodules and hepatocellular carcinoma
DQ597971,prostate cancer
DQ595179,head and neck (squamous cell) carcinoma
DQ582972,Cardiovascular diseases (CDC,CF,CCS) cardicregeneration
DQ597886,Cardiovascular diseases (CDC,CF,CCS) cardicregeneration
DQ571413,Cardiovascular diseases (CDC,CF,CCS) cardicregeneration
DQ585410,alzheimer disease
DQ570325,focal ischemia (rat brain)
hsa_piR_019102,prostate cancer
DQ586834,renal cell carcinoma
DQ599953,renal cell carcinoma
DQ593052,lung cancer
DQ591289,head and neck (squamous cell) carcinoma
piR-33687,head and neck cancer
DQ590047,lung cancer
piR-61651,lung cancer (lung adenocarcinoma)
DQ598853,prostate cancer
piR-31701,dysplastic liver nodules and hepatocellular carcinoma
piR-36245,head and neck cancer
DQ588249,pancreatic carcinoma
piR-43147,heart stroke
DQ600951,Cardiovascular diseases (CDC,CF,CCS) cardicregeneration
DQ575757,non small cell lung carcinoma (nsclc)
DQ587221,renal cell carcinoma
piR-60565,alzheimer disease
DQ593600,alzheimer disease
piR-36712,gastric cancer
DQ597117,rheumatoid arthritis
DQ577870,Cardiovascular diseases (CDC,CF,CCS) cardicregeneration
DQ581705,dysplastic liver nodules and hepatocellular carcinoma
hsa_piR_020548,Cardiovascular diseases (CDC,CF,CCS) cardicregeneration
DQ599906,lung cancer
DQ571174,gastric cancer (recurrence)
DQ574391,gastric cancer (recurrence)
DQ593052,renal cell carcinoma
DQ575335,pancreatic carcinoma
piR-58469,alzheimer disease
hsa_piR_020829,Cardiovascular diseases (CDC,CF,CCS) cardicregeneration
piR-33519,dysplastic liver nodules and hepatocellular carcinoma
DQ581262,gastric cancer
hsa_piR_006426,gastric cancer
DQ598204,heart stroke
hsa_piR_019912,breast cancer
DQ598142,Cardiovascular diseases (CDC,CF,CCS) cardicregeneration
DQ585247,ovarian cancer
DQ584367,rheumatoid arthritis
piR-51810,dysplastic liver nodules and hepatocellular carcinoma
piR-58469,endometrial carcinogenesis
DQ598176,dysplastic liver nodules and hepatocellular carcinoma
DQ575741,prostate cancer
DQ595759,gastric cancer
piR-37213,leukemia
piR-43771,lung cancer
DQ588542,lung cancer (lung adenocarcinoma)
hsa_piR_007336,gastric cancer (recurrence)
DQ571398,renal cell carcinoma
DQ592324,colon cancer
DQ584898,Cardiovascular diseases (CDC,CF,CCS) cardicregeneration
piR-823,alzheimer disease
piR-36742,endometrial carcinogenesis
DQ583128,focal ischemia (rat brain)
hsa_piR_017184,breast cancer
DQ601592,Cardiovascular diseases (CDC,CF,CCS) cardicregeneration
DQ591430,renal cell carcinoma
piR-31068,alzheimer disease
piR-33879,lung cancer (lung adenocarcinoma)
DQ576917,gastric cancer (recurrence)
DQ576052,endometrial carcinogenesis
DQ597590,gastric cancer
DQ573286,alzheimer disease
DQ598375,heart stroke
DQ572568,male infertility
piR-33387,renal cell carcinoma
DQ595458,Cardiovascular diseases (CDC,CF,CCS) cardicregeneration
piR-60565,head and neck cancer
piR-34372,lung cancer
hsa_piR_018849,dysplastic liver nodules and hepatocellular carcinoma
DQ598314,non small cell lung carcinoma (nsclc)
DQ597401,Cardiovascular diseases (CDC,CF,CCS) cardicregeneration
piR-55557,head and neck cancer
DQ570776,Cardiovascular diseases (CDC,CF,CCS) cardicregeneration
piR-60668,lung cancer
DQ588264,breast cancer
DQ575335,renal cell carcinoma
DQ596397,Cardiovascular diseases (CDC,CF,CCS) cardicregeneration
DQ576917,dysplastic liver nodules and hepatocellular carcinoma
DQ597795,alzheimer disease
DQ571174,colon cancer
DQ597214,heart stroke
hsa_piR_020548,breast cancer
hsa_piR_019676,breast cancer
DQ573149,heart stroke
piR-33043,breast cancer
DQ599010,leukemia
hsa_piR_006426,head and neck (squamous cell) carcinoma
DQ597396,renal cell carcinoma
DQ599480,lung cancer
piR-30506,alzheimer disease
DQ594554,head and neck (squamous cell) carcinoma
DQ598216,head and neck cancer
DQ576771,Cardiovascular diseases (CDC,CF,CCS) cardicregeneration
DQ597945,gastric cancer (recurrence)
piR-36444,gastric cancer (recurrence)
piR-33044,lung cancer (lung adenocarcinoma)
DQ590908,head and neck cancer
piR-54381,head and neck cancer
DQ573149,Cardiovascular diseases (CDC,CF,CCS) cardicregeneration
piR-33519,ovarian cancer
DQ586193,breast cancer
DQ576052,head and neck cancer
hsa_piR_003728,dysplastic liver nodules and hepatocellular carcinoma
DQ596692,Cardiovascular diseases (CDC,CF,CCS) cardicregeneration
piR-43994,focal ischemia (rat brain)
DQ597861,alzheimer disease
DQ578913,non small cell lung carcinoma (nsclc)
DQ600892,Cardiovascular diseases (CDC,CF,CCS) cardicregeneration
piR-54626,prostate cancer
piR-30318,alzheimer disease
hsa_piR_020450,lung cancer (lung adenocarcinoma)
piR-34377,heart stroke
DQ576200,prostate cancer
piR-35982,alzheimer disease
piR-51810,alzheimer disease
DQ570812,prostate cancer
DQ597403,non small cell lung carcinoma (nsclc)
DQ582058,endometrial carcinogenesis
DQ598639,dysplastic liver nodules and hepatocellular carcinoma
DQ571204,breast cancer
piR-36444,heart stroke
piR-60565,ovarian cancer
DQ584115,non small cell lung carcinoma (nsclc)
DQ588762,Cardiovascular diseases (CDC,CF,CCS) cardicregeneration
DQ594601,Cardiovascular diseases (CDC,CF,CCS) cardicregeneration
DQ596744,leukemia
hsa_piR_023057,head and neck (squamous cell) carcinoma
DQ580140,gastric cancer (recurrence)
DQ585093,renal cell carcinoma
hsa_piR_000753,Cardiovascular diseases (CDC,CF,CCS) cardicregeneration
DQ598216,renal cell carcinoma
DQ594178,Cardiovascular diseases (CDC,CF,CCS) cardicregeneration
DQ575420,rheumatoid arthritis
DQ591864,leukemia
piR-43996,heart stroke
DQ575420,gastric cancer
DQ593846,Cardiovascular diseases (CDC,CF,CCS) cardicregeneration
DQ577240,Cardiovascular diseases (CDC,CF,CCS) cardicregeneration
DQ588249,lung cancer (lung adenocarcinoma)
DQ572940,renal cell carcinoma
DQ576771,gastric cancer
DQ588249,renal cell carcinoma
piR-34929,focal ischemia (rat brain)
piR-55152,head and neck (squamous cell) carcinoma
DQ590030,ovarian cancer
piR-58595,Cardiovascular diseases (CDC,CF,CCS) cardicregeneration
hsa_piR_018849,head and neck (squamous cell) carcinoma
piR-52200,lung cancer
DQ597864,alzheimer disease
DQ571133,lung cancer (lung adenocarcinoma)
DQ589315,endometrial carcinogenesis
hsa_piR_001318,renal cell carcinoma
DQ596692,breast cancer
piR-41965,head and neck (squamous cell) carcinoma
hsa_piR_019914,Cardiovascular diseases (CDC,CF,CCS) cardicregeneration
piR-L-163,non small cell lung carcinoma (nsclc)
piR-35284,breast cancer
DQ598427,renal cell carcinoma
DQ586547,renal cell carcinoma
piR-37213,non small cell lung carcinoma (nsclc)
hsa_piR_020814,breast cancer
DQ574801,Cardiovascular diseases (CDC,CF,CCS) cardicregeneration
DQ597971,lung cancer
DQ577240,renal cell carcinoma
piR-47305,focal ischemia (rat brain)
DQ592148,Cardiovascular diseases (CDC,CF,CCS) cardicregeneration
DQ588910,renal cell carcinoma
piR-32374,Cardiovascular diseases (CDC,CF,CCS) cardicregeneration
DQ598216,dysplastic liver nodules and hepatocellular carcinoma
DQ601404,Cardiovascular diseases (CDC,CF,CCS) cardicregeneration
DQ575335,leukemia
DQ587999,male infertility
DQ589561,rheumatoid arthritis
DQ590029,rheumatoid arthritis
DQ575093,focal ischemia (rat brain)
DQ595288,gastric cancer (recurrence)
piR-43772,ovarian cancer
DQ588193,endometrial carcinogenesis
DQ582638,endometrial carcinogenesis
DQ595022,renal cell carcinoma
piR-34377,renal cell carcinoma
piR-30926,Cardiovascular diseases (CDC,CF,CCS) cardicregeneration
DQ590031,renal cell carcinoma
DQ588628,breast cancer
DQ588346,gastric cancer
hsa_piR_009051,dysplastic liver nodules and hepatocellular carcinoma
DQ572568,focal ischemia (rat brain)
DQ590873,rheumatoid arthritis
piR-36444,renal cell carcinoma
piR-31447,dysplastic liver nodules and hepatocellular carcinoma
DQ570324,Cardiovascular diseases (CDC,CF,CCS) cardicregeneration
DQ570324,head and neck (squamous cell) carcinoma
piR-61646,Cardiovascular diseases (CDC,CF,CCS) cardicregeneration
piR-31638,alzheimer disease
piR-34372,alzheimer disease
DQ591864,pancreatic carcinoma
piR-40982,alzheimer disease
DQ589021,renal cell carcinoma
DQ575741,Cardiovascular diseases (CDC,CF,CCS) cardicregeneration
piR-60852,rheumatoid arthritis
piR-49124,renal cell carcinoma
piR-36742,head and neck (squamous cell) carcinoma
DQ597403,ovarian cancer
DQ591994,gastric cancer
DQ582058,Cardiovascular diseases (CDC,CF,CCS) cardicregeneration
DQ586202,colon cancer
DQ599346,renal cell carcinoma
piR-33044,rheumatoid arthritis
piR-34536,gastric cancer
hsa_piR_020829,head and neck cancer
piR-33043,endometrial carcinogenesis
hsa_piR_021032,non small cell lung carcinoma (nsclc)
DQ571003,ovarian cancer
hsa_piR_004531,breast cancer
DQ599071,lung cancer
DQ599117,lung cancer (lung adenocarcinoma)
DQ585385,Cardiovascular diseases (CDC,CF,CCS) cardicregeneration
DQ590873,gastric cancer
DQ570776,leukemia
piR-54265,dysplastic liver nodules and hepatocellular carcinoma
DQ573286,head and neck cancer
DQ599480,focal ischemia (rat brain)
piR-35548,alzheimer disease
piR-31038,gastric cancer
DQ597397,Cardiovascular diseases (CDC,CF,CCS) cardicregeneration
DQ598532,renal cell carcinoma
piR-31447,ovarian cancer
piR-34443,alzheimer disease
DQ597886,head and neck (squamous cell) carcinoma
DQ584115,rheumatoid arthritis
piR-41965,rheumatoid arthritis
DQ583083,prostate cancer
DQ577235,renal cell carcinoma
piR-36082,lung cancer
DQ590029,focal ischemia (rat brain)
DQ600847,renal cell carcinoma
piR-37523,gastric cancer (recurrence)
DQ585352,renal cell carcinoma
hsa_piR_019822,prostate cancer
DQ584609,renal cell carcinoma
piR-33783,alzheimer disease
piR-43994,ovarian cancer
piR-52200,colon cancer
piR-31447,lung cancer
piR-30810,alzheimer disease
piR-43994,Cardiovascular diseases (CDC,CF,CCS) cardicregeneration
DQ598427,head and neck cancer
hsa_piR_019824,breast cancer
DQ591522,gastric cancer (recurrence)
DQ578372,gastric cancer
DQ575347,breast cancer
DQ584801,gastric cancer
hsa_piR_020814,gastric cancer (recurrence)
piR-31970,alzheimer disease
hsa_piR_020828,prostate cancer
piR-44717,Cardiovascular diseases (CDC,CF,CCS) cardicregeneration
DQ575470,ovarian cancer
DQ577870,renal cell carcinoma
DQ584609,Cardiovascular diseases (CDC,CF,CCS) cardicregeneration
DQ601404,alzheimer disease
piR-32636,heart stroke
DQ576941,gastric cancer (recurrence)
DQ595288,male infertility
hsa_piR_020814,ovarian cancer
DQ588919,gastric cancer
DQ599214,Cardiovascular diseases (CDC,CF,CCS) cardicregeneration
DQ576917,gastric cancer
hsa_piR_016664,head and neck cancer
piR-47305,male infertility
DQ574281,Cardiovascular diseases (CDC,CF,CCS) cardicregeneration
DQ571123,lung cancer
DQ575881,Cardiovascular diseases (CDC,CF,CCS) cardicregeneration
DQ589580,endometrial carcinogenesis
DQ584115,ovarian cancer
DQ571333,endometrial carcinogenesis
DQ575420,non small cell lung carcinoma (nsclc)
hsa_piR_009294,ovarian cancer
DQ582175,pancreatic carcinoma
piR-32377,renal cell carcinoma
DQ580701,head and neck cancer
DQ601035,breast cancer
DQ598189,Cardiovascular diseases (CDC,CF,CCS) cardicregeneration
DQ576146,non small cell lung carcinoma (nsclc)
piR-58469,head and neck (squamous cell) carcinoma
piR-32377,alzheimer disease
hsa_piR_020829,alzheimer disease
DQ598571,alzheimer disease
DQ591430,head and neck (squamous cell) carcinoma
DQ571550,breast cancer
DQ595532,Cardiovascular diseases (CDC,CF,CCS) cardicregeneration
DQ582167,renal cell carcinoma
DQ576917,alzheimer disease
hsa_piR_008033,gastric cancer (recurrence)
DQ571333,focal ischemia (rat brain)
DQ575420,Cardiovascular diseases (CDC,CF,CCS) cardicregeneration
piR-60668,dysplastic liver nodules and hepatocellular carcinoma
DQ571204,renal cell carcinoma
piR-32635,male infertility
DQ583671,colon cancer
DQ599032,non small cell lung carcinoma (nsclc)
DQ583196,prostate cancer
hsa_piR_019102,non small cell lung carcinoma (nsclc)
DQ597997,prostate cancer
DQ587653,Cardiovascular diseases (CDC,CF,CCS) cardicregeneration
DQ601035,lung cancer (lung adenocarcinoma)
DQ600269,lung cancer
DQ586208,renal cell carcinoma
piR-54626,Cardiovascular diseases (CDC,CF,CCS) cardicregeneration
piR-43147,lung cancer
DQ588762,non small cell lung carcinoma (nsclc)
piR-33415,alzheimer disease
DQ597499,Cardiovascular diseases (CDC,CF,CCS) cardicregeneration
piR-30113,leukemia
piR-36338,head and neck cancer
DQ597945,alzheimer disease
DQ578372,gastric cancer (recurrence)
DQ599010,Cardiovascular diseases (CDC,CF,CCS) cardicregeneration
DQ594507,renal cell carcinoma
DQ570776,renal cell carcinoma
DQ593879,Cardiovascular diseases (CDC,CF,CCS) cardicregeneration
DQ590028,renal cell carcinoma
piR-36706,alzheimer disease
DQ599480,pancreatic carcinoma
DQ578790,gastric cancer (recurrence)
DQ579582,Cardiovascular diseases (CDC,CF,CCS) cardicregeneration
DQ601592,rheumatoid arthritis
DQ598190,pancreatic carcinoma
DQ597968,Cardiovascular diseases (CDC,CF,CCS) cardicregeneration
DQ598532,rheumatoid arthritis
DQ587247,Cardiovascular diseases (CDC,CF,CCS) cardicregeneration
piR-33044,alzheimer disease
piR-31638,pancreatic carcinoma
piR-33879,alzheimer disease
DQ577240,dysplastic liver nodules and hepatocellular carcinoma
DQ589581,renal cell carcinoma
piR-61648,breast cancer
DQ598183,head and neck cancer
piR-33387,breast cancer
DQ593431,Cardiovascular diseases (CDC,CF,CCS) cardicregeneration
hsa_piR_019102,breast cancer
DQ588535,renal cell carcinoma
DQ583025,renal cell carcinoma
DQ597973,alzheimer disease
DQ599408,leukemia
DQ587143,Cardiovascular diseases (CDC,CF,CCS) cardicregeneration
DQ579519,Cardiovascular diseases (CDC,CF,CCS) cardicregeneration
hsa_piR_002158,ovarian cancer
hsa_piR_020466,breast cancer
DQ574768,alzheimer disease
DQ571133,Cardiovascular diseases (CDC,CF,CCS) cardicregeneration
DQ584123,ovarian cancer
hsa_piR_015249,heart stroke
DQ597972,Cardiovascular diseases (CDC,CF,CCS) cardicregeneration
DQ581670,heart stroke
hsa_piR_018849,gastric cancer (recurrence)
DQ582972,renal cell carcinoma
DQ571123,renal cell carcinoma
DQ576941,lung cancer
DQ572568,non small cell lung carcinoma (nsclc)
piR-31447,gastric cancer (recurrence)
DQ596276,colon cancer
piR-35548,breast cancer
DQ588264,Cardiovascular diseases (CDC,CF,CCS) cardicregeneration
piR-33687,prostate cancer
DQ582726,male infertility
hsa_piR_001318,breast cancer
piR-30810,head and neck (squamous cell) carcinoma
DQ575681,Cardiovascular diseases (CDC,CF,CCS) cardicregeneration
DQ578766,Cardiovascular diseases (CDC,CF,CCS) cardicregeneration
DQ580481,renal cell carcinoma
DQ597590,head and neck cancer
DQ600994,male infertility
DQ593044,colon cancer
piR-33044,Cardiovascular diseases (CDC,CF,CCS) cardicregeneration
DQ594554,breast cancer
DQ571204,Cardiovascular diseases (CDC,CF,CCS) cardicregeneration
piR-37213,rheumatoid arthritis
hsa_piR_019102,dysplastic liver nodules and hepatocellular carcinoma
piR-54381,ovarian cancer
DQ594464,pancreatic carcinoma
piR-33437,renal cell carcinoma
piR-44717,lung cancer (lung adenocarcinoma)
DQ598853,renal cell carcinoma
DQ575741,male infertility
DQ574183,alzheimer disease
piR-55660,gastric cancer (recurrence)
piR-44984,prostate cancer
DQ576917,Cardiovascular diseases (CDC,CF,CCS) cardicregeneration
piR-44984,alzheimer disease
DQ593242,head and neck cancer
DQ599906,Cardiovascular diseases (CDC,CF,CCS) cardicregeneration
hsa_piR_021032,Cardiovascular diseases (CDC,CF,CCS) cardicregeneration
DQ598314,head and neck cancer
piR-34420,alzheimer disease
DQ590749,gastric cancer (recurrence)
DQ582496,rheumatoid arthritis
DQ585410,renal cell carcinoma
DQ588249,male infertility
DQ582175,colon cancer
DQ573521,alzheimer disease
DQ588824,dysplastic liver nodules and hepatocellular carcinoma
hsa_piR_020829,colon cancer
DQ597971,renal cell carcinoma
piR-36061,heart stroke
piR-9540,renal cell carcinoma
piR-31355,leukemia
DQ598204,gastric cancer
hsa_piR_019675,lung cancer (lung adenocarcinoma)
piR-36742,pancreatic carcinoma
DQ597117,focal ischemia (rat brain)
piR-31447,non small cell lung carcinoma (nsclc)
DQ583691,head and neck (squamous cell) carcinoma
DQ596277,renal cell carcinoma
DQ598176,Cardiovascular diseases (CDC,CF,CCS) cardicregeneration
DQ591864,rheumatoid arthritis
piR-30112,alzheimer disease
DQ590030,gastric cancer
piR-35982,ovarian cancer
DQ574801,renal cell carcinoma
piR-60573,endometrial carcinogenesis
piR-33387,lung cancer
piR-823,ovarian cancer
DQ599929,renal cell carcinoma
DQ593846,renal cell carcinoma
DQ597972,male infertility
piR-32636,ovarian cancer
hsa_piR_019914,rheumatoid arthritis
DQ600951,lung cancer
DQ598187,Cardiovascular diseases (CDC,CF,CCS) cardicregeneration
piR-36061,leukemia
DQ571873,alzheimer disease
piR-34984,alzheimer disease
DQ576200,alzheimer disease
DQ599928,focal ischemia (rat brain)
DQ581705,Cardiovascular diseases (CDC,CF,CCS) cardicregeneration
hsa_piR_006426,breast cancer
piR-36026,lung cancer (lung adenocarcinoma)
hsa_piR_017033,gastric cancer
piR-37525,pancreatic carcinoma
piR-43996,dysplastic liver nodules and hepatocellular carcinoma
piR-L-163,alzheimer disease
piR-823,renal cell carcinoma
DQ590455,rheumatoid arthritis
piR-33686,ovarian cancer
piR-51810,breast cancer
piR-44984,Cardiovascular diseases (CDC,CF,CCS) cardicregeneration
piR-45030,alzheimer disease
DQ576768,focal ischemia (rat brain)
DQ580337,male infertility
piR-33880,non small cell lung carcinoma (nsclc)
DQ589581,Cardiovascular diseases (CDC,CF,CCS) cardicregeneration
piR-31970,ovarian cancer
DQ588756,lung cancer
DQ596183,lung cancer
piR-47305,pancreatic carcinoma
piR-37525,gastric cancer (recurrence)
piR-33387,alzheimer disease
DQ579349,endometrial carcinogenesis
piR-55152,gastric cancer (recurrence)
DQ586202,renal cell carcinoma
DQ597893,rheumatoid arthritis
piR-33856,Cardiovascular diseases (CDC,CF,CCS) cardicregeneration
DQ588910,head and neck cancer
DQ570572,leukemia
piR-60238,ovarian cancer
DQ595022,Cardiovascular diseases (CDC,CF,CCS) cardicregeneration
DQ600767,alzheimer disease
DQ588824,focal ischemia (rat brain)
DQ597396,prostate cancer
piR-33043,heart stroke
DQ597893,gastric cancer (recurrence)
piR-60577,lung cancer
piR-31038,leukemia
piR-60238,pancreatic carcinoma
DQ590048,male infertility
piR-43770,ovarian cancer
piR-60668,leukemia
piR-34221,prostate cancer
DQ597025,breast cancer
piR-33879,male infertility
DQ595458,renal cell carcinoma
hsa_piR_002158,breast cancer
DQ601592,head and neck (squamous cell) carcinoma
DQ570339,Cardiovascular diseases (CDC,CF,CCS) cardicregeneration
DQ583691,Cardiovascular diseases (CDC,CF,CCS) cardicregeneration
piR-33686,endometrial carcinogenesis
DQ588756,colon cancer
DQ596516,leukemia
DQ581670,focal ischemia (rat brain)
hsa_piR_006426,ovarian cancer
DQ591864,renal cell carcinoma
piR-36245,head and neck (squamous cell) carcinoma
DQ571398,Cardiovascular diseases (CDC,CF,CCS) cardicregeneration
piR-60577,dysplastic liver nodules and hepatocellular carcinoma
hsa_piR_017184,ovarian cancer
piR-36706,renal cell carcinoma
DQ579349,Cardiovascular diseases (CDC,CF,CCS) cardicregeneration
DQ600767,Cardiovascular diseases (CDC,CF,CCS) cardicregeneration
piR-31638,endometrial carcinogenesis
DQ587785,alzheimer disease
DQ599953,heart stroke
piR-36706,Cardiovascular diseases (CDC,CF,CCS) cardicregeneration
DQ583083,gastric cancer
piR-60643,lung cancer
DQ591864,Cardiovascular diseases (CDC,CF,CCS) cardicregeneration
piR-60573,renal cell carcinoma
DQ579582,alzheimer disease
DQ591030,prostate cancer
piR-36040,non small cell lung carcinoma (nsclc)
DQ583473,Cardiovascular diseases (CDC,CF,CCS) cardicregeneration
DQ573105,Cardiovascular diseases (CDC,CF,CCS) cardicregeneration
DQ570325,renal cell carcinoma
DQ588615,Cardiovascular diseases (CDC,CF,CCS) cardicregeneration
DQ595777,renal cell carcinoma
piR-823,lung cancer
DQ596276,dysplastic liver nodules and hepatocellular carcinoma
DQ576941,rheumatoid arthritis
piR-47305,alzheimer disease
DQ571550,male infertility
DQ585410,lung cancer (lung adenocarcinoma)
DQ593242,endometrial carcinogenesis
hsa_piR_006426,renal cell carcinoma
piR-36026,male infertility
DQ589561,leukemia
piR-36061,head and neck (squamous cell) carcinoma
piR-31106,prostate cancer
piR-36318,prostate cancer
DQ590750,gastric cancer (recurrence)
DQ597325,male infertility
DQ599071,focal ischemia (rat brain)
piR-30113,alzheimer disease
DQ599190,Cardiovascular diseases (CDC,CF,CCS) cardicregeneration
hsa_piR_020829,head and neck (squamous cell) carcinoma
piR-36150,non small cell lung carcinoma (nsclc)
piR-30318,gastric cancer (recurrence)
DQ591381,Cardiovascular diseases (CDC,CF,CCS) cardicregeneration
hsa_piR_006426,lung cancer (lung adenocarcinoma)
DQ597864,lung cancer (lung adenocarcinoma)
hsa_piR_023057,gastric cancer (recurrence)
DQ591410,Cardiovascular diseases (CDC,CF,CCS) cardicregeneration
DQ591244,renal cell carcinoma
piR-30113,focal ischemia (rat brain)
DQ600951,heart stroke
hsa_piR_000586,gastric cancer (recurrence)
DQ570339,renal cell carcinoma
hsa_piR_016664,renal cell carcinoma
DQ579247,Cardiovascular diseases (CDC,CF,CCS) cardicregeneration
DQ574768,renal cell carcinoma
piR-34736,lung cancer
DQ583671,Cardiovascular diseases (CDC,CF,CCS) cardicregeneration
DQ598569,Cardiovascular diseases (CDC,CF,CCS) cardicregeneration
DQ585093,leukemia
piR-43773,male infertility
DQ578790,renal cell carcinoma
piR-60573,rheumatoid arthritis
hsa_piR_019914,ovarian cancer
piR-36026,dysplastic liver nodules and hepatocellular carcinoma
DQ588910,dysplastic liver nodules and hepatocellular carcinoma
hsa_piR_017184,male infertility
DQ570734,lung cancer (lung adenocarcinoma)
piR-34443,ovarian cancer
piR-35284,Cardiovascular diseases (CDC,CF,CCS) cardicregeneration
hsa_piR_020829,breast cancer
DQ593987,alzheimer disease
DQ581670,head and neck cancer
piR-55152,dysplastic liver nodules and hepatocellular carcinoma
DQ582175,breast cancer
DQ590750,gastric cancer
piR-43772,prostate cancer
DQ597401,leukemia
hsa_piR_020657,gastric cancer (recurrence)
DQ598186,renal cell carcinoma
DQ570734,dysplastic liver nodules and hepatocellular carcinoma
DQ601581,colon cancer
DQ596397,renal cell carcinoma
DQ572956,renal cell carcinoma
DQ577485,male infertility
piR-44717,alzheimer disease
hsa_piR_009051,lung cancer
piR-34871,male infertility
DQ572704,ovarian cancer
DQ595022,non small cell lung carcinoma (nsclc)
piR-30652,ovarian cancer
piR-35953,alzheimer disease
DQ578372,renal cell carcinoma
piR-L-163,renal cell carcinoma
DQ571003,colon cancer
DQ598183,focal ischemia (rat brain)
piR-36082,head and neck (squamous cell) carcinoma
DQ593939,breast cancer
hsa_piR_019676,endometrial carcinogenesis
DQ597861,renal cell carcinoma
DQ598639,Cardiovascular diseases (CDC,CF,CCS) cardicregeneration
DQ571873,prostate cancer
DQ582058,non small cell lung carcinoma (nsclc)
DQ599408,endometrial carcinogenesis
DQ591522,lung cancer
piR-35176,heart stroke
DQ575420,head and neck cancer
piR-33043,ovarian cancer
DQ581368,breast cancer
DQ572704,Cardiovascular diseases (CDC,CF,CCS) cardicregeneration
DQ572070,renal cell carcinoma
piR-43604,Cardiovascular diseases (CDC,CF,CCS) cardicregeneration
DQ582496,Cardiovascular diseases (CDC,CF,CCS) cardicregeneration
piR-31106,dysplastic liver nodules and hepatocellular carcinoma
DQ598569,colon cancer
DQ582496,renal cell carcinoma
DQ588193,renal cell carcinoma
piR-36082,renal cell carcinoma
DQ598187,leukemia
DQ590750,Cardiovascular diseases (CDC,CF,CCS) cardicregeneration
piR-34984,renal cell carcinoma
DQ597795,Cardiovascular diseases (CDC,CF,CCS) cardicregeneration
DQ593052,Cardiovascular diseases (CDC,CF,CCS) cardicregeneration
DQ575470,gastric cancer
hsa_piR_020548,gastric cancer (recurrence)
piR-34420,leukemia
DQ583025,ovarian cancer
DQ573105,male infertility
DQ580106,renal cell carcinoma
DQ591864,gastric cancer (recurrence)
piR-44717,head and neck cancer
DQ588249,gastric cancer (recurrence)
DQ592379,Cardiovascular diseases (CDC,CF,CCS) cardicregeneration
DQ582853,prostate cancer
piR-30113,ovarian cancer
hsa_piR_019675,renal cell carcinoma
DQ595179,Cardiovascular diseases (CDC,CF,CCS) cardicregeneration
DQ582108,renal cell carcinoma
DQ578157,Cardiovascular diseases (CDC,CF,CCS) cardicregeneration
DQ600994,pancreatic carcinoma
DQ600847,ovarian cancer
piR-32636,lung cancer (lung adenocarcinoma)
DQ597864,Cardiovascular diseases (CDC,CF,CCS) cardicregeneration
DQ590908,renal cell carcinoma
DQ601404,ovarian cancer
piR-40067,non small cell lung carcinoma (nsclc)
DQ592324,Cardiovascular diseases (CDC,CF,CCS) cardicregeneration
DQ598508,Cardiovascular diseases (CDC,CF,CCS) cardicregeneration
DQ582175,renal cell carcinoma
DQ597864,gastric cancer (recurrence)
DQ591289,prostate cancer
DQ587653,pancreatic carcinoma
DQ577046,lung cancer
DQ570812,gastric cancer
DQ588346,renal cell carcinoma
DQ591576,renal cell carcinoma
piR-58469,Cardiovascular diseases (CDC,CF,CCS) cardicregeneration
DQ577235,Cardiovascular diseases (CDC,CF,CCS) cardicregeneration
DQ571050,renal cell carcinoma
DQ599929,prostate cancer
DQ588249,prostate cancer
DQ574391,Cardiovascular diseases (CDC,CF,CCS) cardicregeneration
DQ596183,alzheimer disease
DQ592842,pancreatic carcinoma
piR-30113,renal cell carcinoma
DQ588531,Cardiovascular diseases (CDC,CF,CCS) cardicregeneration
DQ582293,Cardiovascular diseases (CDC,CF,CCS) cardicregeneration
DQ582977,Cardiovascular diseases (CDC,CF,CCS) cardicregeneration
DQ576146,head and neck cancer
DQ599117,pancreatic carcinoma
piR-30318,lung cancer
DQ594921,breast cancer
DQ598427,Cardiovascular diseases (CDC,CF,CCS) cardicregeneration
DQ582638,heart stroke
DQ572956,prostate cancer
piR-33880,male infertility
DQ585385,rheumatoid arthritis
hsa_piR_000552,gastric cancer (recurrence)
DQ588615,head and neck (squamous cell) carcinoma
DQ584123,male infertility
piR-37523,colon cancer
DQ572458,endometrial carcinogenesis
DQ584889,rheumatoid arthritis
DQ588342,Cardiovascular diseases (CDC,CF,CCS) cardicregeneration
DQ600359,renal cell carcinoma
DQ598447,renal cell carcinoma
piR-34358,Cardiovascular diseases (CDC,CF,CCS) cardicregeneration
DQ576200,renal cell carcinoma
DQ576917,renal cell carcinoma
DQ570485,Cardiovascular diseases (CDC,CF,CCS) cardicregeneration
DQ595023,heart stroke
DQ598189,lung cancer
DQ583691,leukemia
piR-60668,alzheimer disease
piR-39307,head and neck (squamous cell) carcinoma
DQ601581,lung cancer
DQ597590,Cardiovascular diseases (CDC,CF,CCS) cardicregeneration
DQ589580,gastric cancer
DQ591381,ovarian cancer
DQ575757,Cardiovascular diseases (CDC,CF,CCS) cardicregeneration
piR-32374,renal cell carcinoma
piR-33382,non small cell lung carcinoma (nsclc)
piR-36338,lung cancer (lung adenocarcinoma)
DQ576768,gastric cancer (recurrence)
DQ591994,Cardiovascular diseases (CDC,CF,CCS) cardicregeneration
DQ597590,lung cancer
DQ590474,lung cancer (lung adenocarcinoma)
piR-36246,head and neck cancer
piR-33437,alzheimer disease
piR-60852,ovarian cancer
piR-51810,heart stroke
DQ577046,renal cell carcinoma
piR-43994,heart stroke
piR-33783,gastric cancer (recurrence)
DQ575681,ovarian cancer
hsa_piR_016735,rheumatoid arthritis
hsa_piR_017033,alzheimer disease
DQ571873,Cardiovascular diseases (CDC,CF,CCS) cardicregeneration
DQ593935,renal cell carcinoma
DQ582972,dysplastic liver nodules and hepatocellular carcinoma
DQ598216,prostate cancer
piR-33043,leukemia
DQ588824,Cardiovascular diseases (CDC,CF,CCS) cardicregeneration
piR-33065,alzheimer disease
piR-36082,head and neck cancer
DQ596277,ovarian cancer
DQ570572,dysplastic liver nodules and hepatocellular carcinoma
DQ592324,renal cell carcinoma
DQ590548,ovarian cancer
piR-31447,gastric cancer
DQ598853,Cardiovascular diseases (CDC,CF,CCS) cardicregeneration
hsa_piR_018780,alzheimer disease
piR-43772,head and neck cancer
DQ588542,ovarian cancer
hsa_piR_001318,head and neck cancer
hsa_piR_018849,endometrial carcinogenesis
DQ597401,alzheimer disease
DQ593987,Cardiovascular diseases (CDC,CF,CCS) cardicregeneration
hsa_piR_020450,ovarian cancer
DQ580701,lung cancer (lung adenocarcinoma)
piR-56450,alzheimer disease
hsa_piR_020828,renal cell carcinoma
DQ572458,heart stroke
DQ579247,gastric cancer (recurrence)
DQ587898,prostate cancer
piR-30112,dysplastic liver nodules and hepatocellular carcinoma
piR-34536,renal cell carcinoma
piR-31638,renal cell carcinoma
DQ572458,dysplastic liver nodules and hepatocellular carcinoma
DQ599032,dysplastic liver nodules and hepatocellular carcinoma
piR-34871,lung cancer
DQ593619,Cardiovascular diseases (CDC,CF,CCS) cardicregeneration
hsa_piR_000552,ovarian cancer
piR-61646,lung cancer
DQ575881,focal ischemia (rat brain)
DQ582293,renal cell carcinoma
hsa_piR_020548,heart stroke
DQ597968,lung cancer (lung adenocarcinoma)
hsa_piR_000753,breast cancer
DQ594464,ovarian cancer
DQ588249,lung cancer
piR-60238,alzheimer disease
DQ590029,ovarian cancer
DQ593228,lung cancer (lung adenocarcinoma)
DQ599190,heart stroke
hsa_piR_008112,renal cell carcinoma
hsa_piR_015249,pancreatic carcinoma
piR-44984,dysplastic liver nodules and hepatocellular carcinoma
piR-31447,alzheimer disease
DQ593621,renal cell carcinoma
DQ572458,renal cell carcinoma
DQ583083,renal cell carcinoma
piR-55660,ovarian cancer
piR-37524,colon cancer
hsa_piR_020450,alzheimer disease
DQ580337,prostate cancer
piR-60668,lung cancer (lung adenocarcinoma)
DQ593044,Cardiovascular diseases (CDC,CF,CCS) cardicregeneration
piR-35953,gastric cancer (recurrence)
DQ589561,Cardiovascular diseases (CDC,CF,CCS) cardicregeneration
DQ588551,Cardiovascular diseases (CDC,CF,CCS) cardicregeneration
DQ575757,endometrial carcinogenesis
DQ597972,alzheimer disease
DQ598176,male infertility
DQ592148,dysplastic liver nodules and hepatocellular carcinoma
DQ593621,ovarian cancer
piR-37523,head and neck (squamous cell) carcinoma
DQ600847,focal ischemia (rat brain)
piR-33044,head and neck cancer
DQ600892,renal cell carcinoma
piR-31638,gastric cancer
DQ599117,head and neck (squamous cell) carcinoma
DQ599928,renal cell carcinoma
DQ597971,Cardiovascular diseases (CDC,CF,CCS) cardicregeneration
DQ584144,renal cell carcinoma
DQ597325,renal cell carcinoma
DQ575757,male infertility
DQ580701,alzheimer disease
piR-36225,breast cancer
DQ584801,Cardiovascular diseases (CDC,CF,CCS) cardicregeneration
DQ598447,non small cell lung carcinoma (nsclc)
DQ598569,gastric cancer (recurrence)
DQ597411,Cardiovascular diseases (CDC,CF,CCS) cardicregeneration
DQ575471,renal cell carcinoma
DQ578157,colon cancer
DQ600269,pancreatic carcinoma
DQ599190,ovarian cancer
piR-40067,head and neck (squamous cell) carcinoma
DQ587954,rheumatoid arthritis
DQ582167,Cardiovascular diseases (CDC,CF,CCS) cardicregeneration
DQ570734,renal cell carcinoma
piR-34372,prostate cancer
piR-56450,gastric cancer
DQ599162,pancreatic carcinoma
piR-54381,alzheimer disease
DQ581262,rheumatoid arthritis
hsa_piR_019675,head and neck (squamous cell) carcinoma
DQ599071,Cardiovascular diseases (CDC,CF,CCS) cardicregeneration
DQ588268,renal cell carcinoma
DQ576771,lung cancer (lung adenocarcinoma)
DQ597148,renal cell carcinoma
piR-37523,ovarian cancer
DQ596183,renal cell carcinoma
hsa_piR_000045,gastric cancer (recurrence)
DQ585385,renal cell carcinoma
hsa_piR_019676,lung cancer (lung adenocarcinoma)
piR-31703,dysplastic liver nodules and hepatocellular carcinoma
DQ583083,head and neck (squamous cell) carcinoma
DQ581670,breast cancer
DQ595022,pancreatic carcinoma
hsa_piR_000753,renal cell carcinoma
piR-61298,leukemia
DQ591243,colon cancer
piR-30926,head and neck (squamous cell) carcinoma
DQ598312,lung cancer (lung adenocarcinoma)
piR-30112,gastric cancer (recurrence)
DQ597396,head and neck cancer
piR-36040,lung cancer
DQ597216,gastric cancer (recurrence)
hsa_piR_019912,male infertility
DQ591864,male infertility
piR-43604,pancreatic carcinoma
DQ588272,Cardiovascular diseases (CDC,CF,CCS) cardicregeneration
DQ598375,Cardiovascular diseases (CDC,CF,CCS) cardicregeneration
piR-36026,ovarian cancer
DQ588551,renal cell carcinoma
DQ598639,alzheimer disease
piR-31106,renal cell carcinoma
DQ570485,head and neck cancer
DQ593846,non small cell lung carcinoma (nsclc)
hsa_piR_019914,breast cancer
piR-40982,renal cell carcinoma
piR-31106,breast cancer
DQ594464,Cardiovascular diseases (CDC,CF,CCS) cardicregeneration
hsa_piR_019912,lung cancer
DQ597827,renal cell carcinoma
piR-30810,heart stroke
DQ590550,ovarian cancer
DQ582303,Cardiovascular diseases (CDC,CF,CCS) cardicregeneration
DQ596376,renal cell carcinoma
DQ583196,lung cancer (lung adenocarcinoma)
DQ572704,head and neck (squamous cell) carcinoma
piR-31703,alzheimer disease
DQ599480,Cardiovascular diseases (CDC,CF,CCS) cardicregeneration
DQ594178,alzheimer disease
DQ570812,non small cell lung carcinoma (nsclc)
piR-33082,alzheimer disease
DQ580637,breast cancer
DQ572940,Cardiovascular diseases (CDC,CF,CCS) cardicregeneration
DQ591994,head and neck cancer
piR-33437,gastric cancer
hsa_piR_016735,endometrial carcinogenesis
hsa_piR_020548,ovarian cancer
DQ599071,gastric cancer (recurrence)
hsa_piR_015249,breast cancer
DQ573127,prostate cancer
DQ599071,prostate cancer
hsa_piR_009294,gastric cancer (recurrence)
DQ571333,head and neck (squamous cell) carcinoma
DQ590750,renal cell carcinoma
piR-60852,alzheimer disease
hsa_piR_000753,lung cancer (lung adenocarcinoma)
hsa_piR_000753,alzheimer disease
DQ594640,Cardiovascular diseases (CDC,CF,CCS) cardicregeneration
DQ588531,gastric cancer
piR-34358,renal cell carcinoma
DQ570011,colon cancer
DQ575741,alzheimer disease
piR-36026,pancreatic carcinoma
piR-31106,ovarian cancer
DQ598216,gastric cancer (recurrence)
DQ574183,renal cell carcinoma
DQ580106,breast cancer
DQ593600,Cardiovascular diseases (CDC,CF,CCS) cardicregeneration
DQ594921,head and neck cancer
DQ584123,renal cell carcinoma
DQ596465,heart stroke
DQ583671,rheumatoid arthritis
DQ577485,gastric cancer (recurrence)
DQ592842,renal cell carcinoma
DQ587999,Cardiovascular diseases (CDC,CF,CCS) cardicregeneration
piR-823,gastric cancer
piR-34984,focal ischemia (rat brain)
DQ582058,leukemia
DQ581368,pancreatic carcinoma
piR-34929,gastric cancer
piR-43771,leukemia
piR-36444,lung cancer (lung adenocarcinoma)
piR-30926,ovarian cancer
piR-57125,gastric cancer
DQ576516,pancreatic carcinoma
hsa_piR_008114,breast cancer
DQ590028,head and neck (squamous cell) carcinoma
DQ580637,rheumatoid arthritis
DQ588910,prostate cancer
DQ588249,leukemia
DQ580481,rheumatoid arthritis
DQ579395,lung cancer
piR-33468,ovarian cancer
DQ601035,renal cell carcinoma
piR-31703,focal ischemia (rat brain)
piR-37525,focal ischemia (rat brain)
piR-40982,ovarian cancer
DQ588542,head and neck cancer
DQ588551,male infertility
DQ595777,focal ischemia (rat brain)
