piR-823,AGCGTTGGTGGTATAGTGGTGAGCATAGCTGC
piR-34871,GAGTAGAGTGCTTAGTTGAACAGGGCC
piR-52200,TGCCTGGGTCTTGGATAAACTGAAAGC
piR-55557,TGGGAACGAGCAGACACTCGTGGAGGCGTCA
piR-35284,GCATTGGTGGTTCAGTGGTAGAATTCTCAC
piR-60643,TTCCTTCCAGCTGCTGAACTGTGGCC
piR-33819,CTGAGGAATAATCGATTCTGGTGTGAGT
hsa_piR_008114,TGAGGTAGTAGGTTGTATGGTTTAGAGTTACA
hsa_piR_019676,GCAATCACTGATGTCTCCATGTCTCTGAGCA
hsa_piR_000552,ACTGTGTGCTGATTGTCACGTTCTGATT
hsa_piR_020548,GGTCAGTCGGTCCTGAGAGATGGGCGAGC
hsa_piR_016735,CCGCCTGGGAATACCGGGTGCTGTAGGCTTA
hsa_piR_020450,GGGAGATGAAGAGGACAGTGACTGAGAGAC
hsa_piR_017033,CTCACAAAGATGAGTGGTGAAAATCTGATC
hsa_piR_020365,GGCCGTGATCGTATAGTGGTTAGTACTCTG
hsa_piR_019675,GCAATAACAGGTCTGTGATGCCCTTAGA
hsa_piR_019914,GCCCGGCTAGCTCAGTCGGTAGAGCATGAGAC
hsa_piR_015249,TGTAGTCGTGGCCGAGTGGTTAAGGC
hsa_piR_009294,CATTGATCATCGACACTTCGAACGCACTTG
hsa_piR_021032,TAAAGTGCTGACAGTGCAGATAGTGGTCCTC
hsa_piR_009051,CAGAGTGTAGCTTAACACAAAGCACCCAACT
hsa_piR_000753,AGCAGTTGAACATGGGTCAGTCGGTCCTG
hsa_piR_008112,TGAGGTAGTAGATTGTATAGTTGTGGGGTAGT
hsa_piR_020814,GTTCAGTGATGAGGCCTGGAATGTGCGCTGGG
hsa_piR_001318,ATTTGGTGTATGTGCTTGGCTGAGGAGCCAA
hsa_piR_006426,TGAACATGGGTCAGTCGGTCCTGAGA
hsa_piR_017184,CTGCATCCACTGATAGACCTTGAACAAT
hsa_piR_020829,GTTTCCGTAGTGTAGTGGTCATCACGTTCGCC
hsa_piR_019912,GCCCGGATGATCCTCAGTGGTCTGGGGTGC
hsa_piR_018780,TTTCTGTGTGGAATTTGAATATCTGAAA
hsa_piR_018849,TTTGGCAATGGTAGAACTCACACTGGTGAGGT
hsa_piR_000586,AGAACGTGTGGAAAACTAATGACTGAGC
hsa_piR_002158,TCACAATGCTGACACTCAAACTGCTGACA
hsa_piR_004531,TCCTCCTACAAAGGCGTGTCTGTGGTTCCC
hsa_piR_020466,GGGCATACTCGTAGACCTTGCCTGACTG
hsa_piR_019102,GACAATGAATACGTGTCTGGAACTCTGAGG
hsa_piR_000045,AAATGCAGTGTGGAACACAATGAACTGAAC
piR-36712,GTTCACTGATGAGAGCATTGTTCTGAGCCA
piR-36246,GGGGGTATAGCTCAGTGGGTAGAGCAT
piR-55152,TGGCGATGAGGAGGTACCTATTGTGTTGAGTA
piR-36061,GGCGATGAGGAGGTACCTATTGTGTTGAGAA
piR-36150,GGGAAGTGATGACACCTGTGACTGTTGAT
piR-55660,TGGGAAGTGATGACACCTGTGACTGTTGAA
piR-30810,ACTTGTGATGTCTTCAAAGGAACCACTGATG
piR-33043,CCCCCCACTGCTAAATTTGACTGGCTA
piR-33044,CCCCCCACTGCTAAATTTGACTGGTT
piR-36245,GGGGGTATAGCTCAGTGGCAGAGCATTTGA
piR-36082,GGCTCTGTTGCGCAATGGATAGCGCAT
piR-33519,CGTAGTGTAGTGGTCATCACGTTCGCCT
piR-36742,GTTTCCGTAGTGTAGTGGTCATCACGTTCGC
piR-39307,TAGCCCACAGGAGATTTACAATAGACAC
piR-30652,ACCTGATGTTACATTGTAGTGTGCTGATG
piR-36338,GGTCGATGATGATTGGTAAAAGGTCTGATA
piR-40067,TAGTTAACTCCATACTCTTCAGACTGTGA
piR-30926,AGAGATAGCAGAGTGGCGCAGCGGAAGC
piR-37523,TAAGGTGCATCTAGTGCAGATAGTGAA
piR-37525,TAAGGTGCATCTAGTGCAGATAGTGAAGTA
piR-37524,TAAGGTGCATCTAGTGCAGATAGTGAAGT
piR-33065,CCCCTGGTGGTCTAGTGGTTAGGATTCGGC
piR-36717,GTTCATGATGACACAGGACCTTGTCTGAAC
piR-43771,TCCCTGGTGGTCTAGTGGTTAGGATTCGGCA
piR-43772,TCCCTGGTGGTCTAGTGGTTAGGATTCGGCAC
piR-33686,CTCAGTGATGCAATCTCTGTGTGGTTCTGAGA
piR-33687,CTCAGTGATGCAATCTCTGTGTGGTTCTGAGG
piR-60668,TTCGATGAAGAGATGATGACGAGTCTGACT
piR-57125,TGGTCGTGGTTGTAGTCCGTGCGAGAA
piR-31701,ATCGAGGCTAGAGTCACGCTTGGGTATCGGCT
piR-41435,TCAGAAGATTCCAGGTTCGACTCCTGGC
piR-61651,TTGGTGTATGTGCTTGGCTGAGGAGCC
piR-30112,AAATGTTATGATGATGGGCGAAATGTTCAACT
piR-30113,AAATGTTGGTTATACCCTTCCCGTACTACC
piR-30318,AATGCAGTGTGGAACACAATGAACTGAAC
piR-30506,ACCAATGATGAGATTGGAGGGTGTCTGAAT
piR-31038,AGCAGGACGGTGGCCATGGAAGTCGGAATCC
piR-31068,AGCATTGGTGGTTCAGTGGTAGAATTCTCGC
piR-31106,AGCCCTGATGATGCCCACTCCTGAGC
piR-31447,AGGGGCTGAATGAAAATGGCCTTTCTGAAC
piR-31612,AGTTCGTGATGGATTTGCTTTTTTCTGATT
piR-31638,ATAGGTTTGGTCCTAGCCTTTCTATTAGCTCT
piR-31703,ATCGCTGTACGGCCTTGATGAAAGCA
piR-31925,ATTGGTGGTTCAGTGGTAGAATTCTCGCCTG
piR-31970,CAAAGTGATTGGTACCTCGTTGTCTGATG
piR-32374,CAGAGTCGCGCAGCGGAAGCGTGCTGGGCCC
piR-32377,CAGAGTGTAGCTTAACACAAAGCACCCAACTG
piR-33082,CCCGGCCCGGACACGGACAGGATTGACAGATT
piR-33382,CGCACGTGTTAGGACCCGAAAGATGGTGAAC
piR-33387,CGCAGAGTCGCGCAGCGGAAGCGTGCTGGGCC
piR-33415,CGCGGGTTCGATCCCCGTACGGGCCACC
piR-33437,CGGAAGCGTGCTGGGCCCATAACCCAGA
piR-33468,CGGCTAGCTCAGTCGGTAGAGCATGAGACT
piR-33783,CTGAACTCCTCACACCCAATTGGACCA
piR-33856,CTGCAGTGATGACTTTCTTAGGACACCTTTG
piR-33879,CTGCGATGATGGCATTTCTTAGGACACCTTTG
piR-33880,CTGCGTGTTCAAGTCACGTCGGGGTCAC
piR-34221,GAAGGTTGACGAAAATTCTTACTGAGCA
piR-34358,GACATTGGTGGTTCAGTGGTAGAATTCT
piR-34372,GACCAATGATGACCACTGGTGGCGTTTGAGT
piR-34377,GACCAATGATGAGATTGGAGGGTGTCTGAAT
piR-34420,GACCTATGATGATGACTGGTGGCGTATGAGT
piR-34443,GACGAGGTGGCCGAGTGGTTAAGGCTATGGAC
piR-34533,GAGAAAGCTCACAAGAACTGCTAACTCACC
piR-34536,GAGAAAGCTCACAAGAACTGCTAACTCATGC
piR-34653,GAGCACTGTTCGTAACCCGTTAGCCT
piR-34929,GATCGATGATGACTACCGGTGGCGTATGAGT
piR-34984,GATGTCTGTGTGGAAAGCGGCTGTGCA
piR-35176,GCAGAGTGGCGCAGCGGAAGCGTGCTGGGCCC
piR-35545,GCGTTGGTATAGTGGTGAGCATAGCTGC
piR-35548,GCTAAAAGAGCACACCCGTCTATGTAGCAAA
piR-35953,GGCAGATGATGTCCTTATCTCACGAT
piR-35982,GGCATTGGTGGTTCAGTGGTAGAATTCTCGC
piR-36026,GGCCCCATGGTGTAATGGTCAGCACTC
piR-36040,GGCCGTGATCGTATAGTGGTTAGTACTC
piR-36225,GGGGATGTAGCTCAGTGGTAGAGCGCATGCT
piR-36251,GGGGGTGTAACTCAGTGGTAGAGCATTTGA
piR-36318,GGTAGTGTGGCCGAGCGGTCTAAGGC
piR-36444,GTATATGGCATGTGGGCTAGTTTCAGACAGGT
piR-36706,GTTAACCGAAAGGTTGGTGGTTCGTGCCCA
piR-36707,GTTAAGATGGCAGAGCCCGGTAATCGCATAA
piR-37213,TAACGCCAAGGTCGCGGGTTCGAACCCCGTA
piR-40982,TCACAAAGATGAGTGGTGAAAATCTGATC
piR-43604,TCCCGGCTAGCTCAGTCGGTAGAGCATGA
piR-43770,TCCCTGGTGGTCTAGTGGTTAGGATA
piR-43773,TCCCTGGTTCGATCCCGGGTTTCGGCACC
piR-43994,TCCGTAGTGTAGTGGTTATCACGTTCGCCTCA
piR-43996,TCCGTAGTGTAGTGGTTATCACGTTCGCCTGA
piR-44717,TCCTTAGGTCGCTGGTTCGATTCCGGCTCGAA
piR-44984,TCGCCGTGATCGTATAGTGGTTAGTACTCTG
piR-45030,TCGCTGGTTCGATTCCGGCTCGAAGGAC
piR-47305,TGAATCTGACAACAGAGGCTTACGACCCCTTA
piR-49124,TGAGGGTTCGAGTCCCTTCGTGGTCGCC
piR-51810,TGCCCCCATGTCTAACAACATGGCTTTCTCA
piR-54265,TGGAGGTGATGAACTGTCTGAGCCTGACC
piR-54381,TGGATATGATGACTGATTACCTGAGA
piR-54626,TGGCAATGATGACCCACTTGCCCTCACTGA
piR-56450,TGGGGGGGCCCAAGTCCTTCTGATCGAGG
piR-58469,TGTGAATCTGACAACAGAGGCTTACGACCCC
piR-60238,TTCACTGATGAGAGCATTGTTCTGAGC
piR-60565,TTCCCTGGTGGTCTAGTGGTTAGGATTCGGC
piR-60573,TTCCGGGTTCGAGTCCCGGCGGAGTCGCC
piR-60577,TTCCGTAGTGTAGTGGTTATCACGTTCGCCTC
piR-60852,TTCTGGGTCGGGGTTTCGTACGTAGCA
piR-61298,TTGCTGTGATGACTATCTTAGGACACCTTTG
piR-61646,TTGGTGGTTCAGTGGTAGAATTCTCGCCTG
piR-61648,TTGGTGGTTCAGTGGTAGAATTCTCGCCTGCC
DQ598989,TAACAAGAGGATTTGGTGGTGTGTGTG
DQ579582,TGACATCAGTGGTGTCAAGACAACTCTAAGA
DQ599190,TAACTGGATCTCCCTGGTGTTTTTACCTCC
DQ582638,CCACACTCCTGCCTTTGATCTGGGTCTTGTC
DQ573521,TCAGCCGCCGCACCTCCATCTTCCCTCCTC
DQ577235,TCTACCCCTTGGCCTACATTTTCTCCTTGC
DQ587999,TGGCCTGTTCCTGCCTTAACTGATGATGA
DQ573413,TCAGAGTGAACAGGCAACCTACAAAATGG
DQ599906,TACAGCACACTGATGGGTCTTGACTC
DQ586193,TGCTGTTTCCTATGCCTCTGGGACTC
DQ579349,TGACAATGCATCCCCTGCTTTCACATGCTC
DQ577240,TCTACCTGGATGGATGGTCTTTGGGC
DQ583979,TGCATGATTTTGTTTGCTGTCTTCTGTC
DQ575757,TCCGAGGACTTTCTCCTCTTCCTGTGACTGT
DQ579247,TGAATGGTGCTGATATAGTCCCCCTGTTTC
DQ582425,CAGGCCTTGGATGGATGGAATTCTCC
DQ583196,TGCAACCTCCCTGCCTGATTCTCCTGCCTCA
DQ592842,TTACCCCATGCCTCTAGTGGCTTTCTTGCT
DQ591576,TGTGATGCTTCTGTGGTGACCTTGTCCCCC
DQ573127,TCACCTCTGTGCGTGTGTGTGTATGTGT
DQ601874,TAGTATCCCTAGGGTCACTGGCACTGGTC
DQ588542,TGGGAAGTGAGGAGCGTCTCCGCCCGGC
DQ588910,TGGGATGTGAGGAGCCCCTCTGCCTGGCTGC
DQ576052,TCCTAGAAGACTGACTCTTTGCTGCTGCCT
DQ594554,TTCGAGCCCATTCTCTTTACTTTCCATCTC
DQ588615,TGGGAATTTGATGCGTTGCTGCTTGGACAG
DQ594507,TTCCTCTGAGTAGTCTCCCATACCTTCCCCA
DQ583674,TGCAGCCGTGTCAAATTCAGTACCTGTCCT
DQ595023,TTGCAAGCAACACTCTGTGGCAGATGATC
DQ575741,TCCGAGAAGATGAACTCCTTGGTCTGCCT
DQ595128,TTGCCTGGGTATCACCAGTGGAGGCTGC
DQ574281,TCCACACCTGGAGGTCAAGTAACCGTCCCCT
DQ585410,TGCGTGTGTGTCAGGCTCTTCGTTCTGGA
DQ591243,TGTCTGTGTGGAAAGCGGCTGTGCAGACA
DQ574768,TCCAGTTGCCGCATCTTTGGTACTGCCCCCT
DQ597795,GGAGTTCATCTTCTCAGAGCTGCTGTC
DQ591244,TGTCTGTGTGGAAAGCGGCTGTGCAGACAT
DQ588535,TGGGAAGTGAGGAATGCTTCTGCCCGGCC
DQ582303,CAGCAGTTGGGGTCTGGTCAGCAGGGGT
DQ573286,TCACTTCCTAGATGGGATGGCAGCCGGGC
DQ584609,TGCCCAACTTCTGTCTACTGTCGGACTC
DQ591410,TGTGACCTTCCTATTCTTGATCACAGCCCCC
DQ576146,TCCTCAATCCTATGCTGCTAACAGTCCCCC
DQ595179,TTGCTGGCAAGATGGCCGAATAGGAACAGC
DQ590261,TGGTGCAGGACAGTGTGTCTCCTGGAC
DQ597893,GGCAGGGGTATGAAGTCAGTTGTTTCGT
DQ588249,TGGCTTGTAGGGTTTCTGCCGAGAGA
DQ590170,TGGTGAGAGAAGCCCTTTTGTTGCTCCTGC
DQ575471,TCCCGAGGTGCCGGGATTGCAGACGGAGT
DQ589315,TGGGGCTTAGCGGGTGTTCTCCCCGTGTGC
DQ573284,TCACTTCCTAGACAGGATGGCGGCCGGGC
DQ597325,GCCCAGGAGACAAAGCCTGCATGGGAGAGA
DQ588551,TGGGAAGTGGGGAACGCCTCTGCCCAGCT
DQ595458,TTGGGTGGGGACACAGAGCCAAACCTGTGA
DQ575420,TCCCCGAAGGCTTCGTGTGTGACTGATGA
DQ589021,TGGGCATAAGACAATATGAGGGGTGGTCTC
DQ589580,TGGGTGGGGACACAGAGCCAAACCTGTGA
DQ589581,TGGGTGGGGACACAGAGCCAAACCTGTGTT
DQ583691,TGCAGCTGGAGACCCCAGAACTTGGTGTCTG
DQ587653,TGGCAGGGTCATAGGACAATAGTGGGGA
DQ574391,TCCACCTTTGGGTCGCTTTGCTGTTCGTGA
DQ597499,GCTAGACACAGGGTGCTGATTGGTGTGTT
DQ576771,TCGAACTCCTGTCCTCAAGTGATCTGCCCGCC
DQ588628,TGGGACAGAAGAGTTTGAACTGGATGGA
DQ589334,TGGGGGCTTCTTTGGCCAAATGGAGTGGGT
DQ600847,TAGACACAGAGCGCTGATTGGTGGGTTTA
DQ590474,TGGTGTGGGATTCTTCCCTGATTCTGAATGC
DQ601405,TAGGAAGAGAAAGTGTCACAGACACGAGGCC
DQ588291,TGGGAAAGAGTTAGCCTAGTCTTCTCTGCC
DQ598427,GTCCAGCACCTGTGTGTCTATCTGCTAGG
DQ588762,TGGGAGGAAGGTCCAGGTAGTAGGGCTGC
DQ596692,GAGGAGCCTGGGAGCCGTGAACCTTCAAGGA
DQ588415,TGGGAACGAGAAGACACTCGTGGGGGCGTC
DQ598142,GGGGAACGAGCAGACACTCGTGGAGGCGTC
DQ580106,TGAGAACCAATGGGAAGGAGCCTGAGC
DQ591030,TGTCCAACCTGTACTCGCGTGGGAACGAGA
DQ571050,AGCTCATTGAGAACGGGCCATGATGACA
DQ589561,TGGGTGGAAGATCTACTGATGAGATA
DQ580481,TGAGATGTGCTTTTGTTCAGAACCCC
DQ580701,TGAGCTAGACACAGGGTGCTGATTGGTGTG
DQ588919,TGGGATTACAAGTGTGAGCCACCGTGCCTT
DQ593987,TTATTCACAGACTCTGTGAGATCGTGGTCC
DQ582496,CAGTTGAACATGGGTCAGTCGGTCCT
DQ571873,CAACAAGTACCGTAAGGGAAAGTTGA
DQ571550,ATCAGACCCCAGAAAAGGTGTTGGTTGAT
DQ570339,ACAGGTCTGTGATGCCCTTAGATGTCCGG
DQ599929,TACAGGAAAAGGCCCAGGACAGGGAAC
DQ600951,TAGAGCATGAGACTCTTAATCTCAGGGTCGT
DQ597968,GGCCGGTTAGCTCAGTTGGTAAGAGC
DQ596280,GACATGATTAGGTGCAAAGATTCGCATGT
DQ593358,CGGCTGTTAACCGAAAGGTTGGTGGT
DQ597997,GGCGGGAGTAACTATGACTCTCTTAAGGTA
DQ590873,TGTATTCGAAGAAACGGTGGACCGAGGCTC
DQ597971,GGCCGGTTAGCTCAGTTGGTTAGAGC
DQ597396,GCCTGGATAGCTCAGTTGGTAGAGCATCA
DQ570324,ACAGCAGCCAGGGATAGCGAAGGTGG
DQ597397,GCCTGGATAGCTCAGTTGGTAGAGCATCAGA
DQ593846,CTGGGGGGCATCCATCATATTCATTGATGA
DQ597972,GGCCGTGATCGTATAGTGGTTAGTAC
DQ592148,TGTTAACCGAAAGGTTGGTGGTTCGAGCC
DQ598204,GGGGTGTAGCTCAGTGGTAGAGAGCGTGCTT
DQ582726,CCAGGGCACCAGAGCAGTCTACCCGGA
DQ580140,TGAGAAGATGACCCAGATCATGTTTGA
DQ597403,GCCTGGGTAGCTCAGTCGGTAGAGCATCAGAC
DQ598183,GGGGGTATAGCTCAGTGGTAGAGCATTTGA
DQ590548,TGGTTCAGTGGTAGAATTCTCGCCTCC
DQ570011,AACACAGGTGGATGTGAAGGATTTTCATTT
DQ600268,TACCGTATTTCATGGTTAGAGGCAGC
DQ598186,GGGGGTGTAGCTCAGTGGTAGAGAGCGTGCT
DQ577854,TCTGCACCATGTGTGGAGGACAGTGGA
DQ592379,TGTTGTCTTTGATGACGATGATGCCGTTG
DQ597945,GGCCAGCCTGGTCCACATGGGTCGGAA
DQ597973,GGCCGTGATCGTATAGTGGTTAGTACT
DQ601581,TAGGCAGACAGTCTATGAAGTCCATGAGGC
DQ576200,TCCTCATTAGTATAGTGGTGAGTATCCC
DQ599117,TAACCGAAAGGTTGGTGGTTCGAGCCC
DQ582972,TGATTAGGTGCAAAGATTCGCATGTGGTA
DQ598639,GTTAACCGAAAGGTTGGTGGTTCGAGCCCA
DQ593431,CGTGCTGGGCCCATAACCCAGAGGTCGATGGA
DQ596183,GAATGCAGCCCAAAGCGGGTGGTAAACT
DQ597401,GCCTGGGTAGCTCAGTCGGTAGAGCATCAG
DQ600994,TAGAGGCTGAAGGCATTCAAAGGTTCC
DQ575881,TCCGTAGTGTAGTGGTTATCACGTTCGCCT
DQ594464,TTCCGTAGTGTAGTGGTTATCACGTTCGCC
DQ575681,TCCCTTATCAGGTAATTCCACACTTAGC
DQ584801,TGCCGACACCCCAAGTCGAGGGTAAGC
DQ584115,TGCCAAAGTTACAGCAACTGGGGTCAGGTC
DQ593049,CCGGCTAGCTCAGTCGGTAGAGCATGAGA
DQ583128,TGCAAAGTGTTATTGAGTGGAAGCAGCTC
DQ597696,GGAACTCGGCCAGGTGCTGATCGGTGAGGT
DQ598569,GTGGAGCCGAGGCCAGAATTCAGTTTGAATC
DQ571174,AGGATATCTACCTGAGGCTGTTGGTCAAG
DQ582167,CACTTGCAGACAGAGAAACTGAGGTCTTCCA
DQ577870,TCTGCAGATGGGCTGACTGGGCAGTGGA
DQ583255,TGCAAGGCTACAGAATTGAGCAGAGGC
DQ595532,TTGGTGGTTCAGTGGTAGAATTCTCGC
DQ583754,TGCAGGCAGGTAGCCATGACCAGGGCAGC
DQ581368,TGATAATAACCAAGAGGCAAGTCCAGA
DQ593696,CTGACTGACGAGAGGTCACAGTGTGTTGGA
DQ593052,CCGTAGTGTAGTGGTTATCACGTTCGCC
DQ597025,GCACAGCGGCGTGACGAGACTCGCGTGG
DQ590908,TGTCAAGGACGTGGCAAGGTAGCCAGA
DQ571133,AGGACTACTGTAAAAATGAGGCAGGTAC
DQ578157,TCTGTGACACAGCCGAGAGCAAAGACCGC
DQ597886,GGCAGAGTGGCGCAGCGGAAGCGTGCTGGGCC
DQ595777,TTTCCCTGTGGAAGCTGTACCCGAGGCCGA
DQ570572,ACGAACAGTAGCCAAACCAGAGAGCAGTCA
DQ588272,TGGGAAAAGGACCCGAGGTGCCACCCAAGGC
DQ575335,TCCCATTTATAGGTGGCAAAACTCCGAGGC
DQ587221,TGGATAACAGGTAGCTACCACTGGTGTGGGCA
DQ575347,TCCCCAAAGGCAGGTAAACAAGGCTGGA
DQ583153,TGCAAATGGGAAAAGGACCCGAGGTGCCACC
DQ598187,GGGGGTGTAGCTCAGTGGTAGAGCGCGTG
DQ599408,TAAGGATGGAAGTGTCCCTTAAGAGGGCTGTA
DQ587954,TGGCCTAGGTCAGGAGCTCAGAAGTGCCA
DQ598190,GGGGGTGTAGCTCAGTGGTAGAGCGCGTGCTT
DQ590048,TGGTCTGTGCAGGACTCAGCGGTGCGGAT
DQ582853,CCCAGATGTAAGGCAGCAGGTGGTCCAGA
DQ588264,TGGGAAAACACAGGATCCACGGAAATGGGC
DQ575093,TCCCACCTAGGACTTGACCAAGGCCACAGCA
DQ598189,GGGGGTGTAGCTCAGTGGTAGAGCGCGTGCT
DQ593228,CGACTGACTGACGAGAGGTCACAGTGTGT
DQ592324,TGTTGCTTTGTGGACATTGCACTCGAGGGC
DQ595759,TTTCAGATAGAGAGCACTGTGGGTGGCTGA
DQ598216,GGGTCAGGTTGAACGAGTGCATGATAGC
DQ598532,GTGCATCTCACGGATGGAGCAATGGCAAGAGC
DQ583671,TGCAGCCCAGGGCAGAGTGCCAACTTCTTT
DQ600116,TACCAGAGGTGCTGTAGGCTTGCAGGAA
DQ601150,TAGCAGACGACAGAGCACAGCAGTCTAACCA
DQ598375,GTAGTCGTGGCCGAGTGGTTAAGGCTATGGA
DQ570992,AGCCCGGCTAGCTCAGTCGGTAGAGCATGAGA
DQ588270,TGGGAAAAGGACCCGAGGTGCCACCCAAGC
DQ596376,GACGAGGTGGCCGAGTGGTTAAGGCTATGGA
DQ585352,TGCGGGTTCAGGAGGTACCCAAACTGAAGGTA
DQ573149,TCACGATCAGAGGGACGGATCCAGCTC
DQ582293,CAGCAGAGCAGAGGAGCCACCAGAATC
DQ584898,TGCCTAGCGAGAACTCGGAGGAATCGAGGG
DQ584144,TGCCAAGAACATGATGGCTGCCTGTGACCC
DQ590550,TGGTTCCAGAACCCAGGGTGGTGGCGAGG
DQ576934,TCGGAACCTGCAGACACTCGTGGAGGCGGC
DQ577269,TCTAGACAGAGGTACAGGCGCATGGCAGGG
DQ590750,TGTACCAGAGGTGCTGTAGGCTTGCAGGAA
DQ597970,GGCCGGTTAGCTCAGTTGGTCAGAGC
DQ598508,GTGATAGTCAGGGGACTGGCATTCAGTGA
DQ583025,TGATTGGTGTTGGGAAAGGACCTGGAAGT
DQ597861,GGCACAGAGGTGTGACGAGACTCGCGTGA
DQ574801,TCCATCACTGAAGGAACCACCGGACAGGGCT
DQ575470,TCCCGAGGGTTGGACGAAGTAGAGTGAA
DQ577750,TCTGAGACGAGTCAAGGTAACAGAGGCAGC
DQ587200,TGGAGTTCACCGAGGCCGAGAGCAAC
DQ587143,TGGAGGTAACACGTACGCAAAATCTGATGGCA
DQ593242,CGAGCAGGTGGCTTGTGGAACAGGTTGAGT
DQ573105,TCACCGAGGACAGGTGAGCCAAGTTCCCA
DQ576917,TCGCTGGTTCGAATCCGGCTCGGAGGAC
DQ588824,TGGGATAAGATCGCCCTGGTGACGAGGAGC
DQ590047,TGGTCTGTGCAGGACTCAGCGGTGCGGA
DQ584367,TGCCAGCAGGTGGTGCGGAAAGTGGC
DQ596277,GACATCTGGACAGTGAGCAGGAGGCGC
DQ600860,TAGACAGAAGCGGAATGGTGGTTGCCAGG
DQ598176,GGGGGGTGTAGCTCAGTGGTAGAGCGCGTGC
DQ600767,TAGAAGATGAGACAGCCCAGATGATGGCC
DQ581705,TGATGAGAGTAACAGCCCGACGGTCCC
DQ591994,TGTGTATGAGGATAACATGCCAAGCAAGGGA
DQ598312,GGTTCCATGGTGTAATGGTTAGCACTCTG
DQ571123,AGGACAGATGAGCAGCCTCAGAGACGGTGTT
DQ592796,TTAATGCCTAGAGGGTGGTGGATAGTGAA
DQ594640,TTCTCACGCAAAGTGGCCAGGGTGTGGGA
DQ588189,TGGCTGTAAATAGAGGTAGCAAGGCCGC
DQ601035,TAGATACGTGCAAGGTCGCTGAGGCAGTGC
DQ591289,TGTGAACAAGTGAGTAGAAGGTTGCTGAGC
DQ572568,TCAAAGCACCAGGTTGAAGGATGACAGGGT
DQ593870,CTGTAAGCCACAGGTGGAAAAGCAGAA
DQ594921,TTGAGAGTCCAGGATGAAAGCCATACAAGC
DQ583473,TGCACGGAAAAGCGGTGCTGTGTGGA
DQ597864,GGCACAGAGGTGTGACGAGACTCGCGTGT
DQ588342,TGGGAACATTTTGGCTACAGATGACA
DQ571398,AGGTGGCAAGCATCGCCTTTTGAGGACAGA
DQ586202,TGCTTAAGTGGAGCCTAGCAGAGGTGATG
DQ595022,TTGCAAGATGGAATGCAGAGTGTGAC
DQ585385,TGCGTGACCAAAACCATGGAGTAGAGC
DQ576516,TCCTGGTGCAGATGAAGGGTGCTCAGCAGT
DQ598853,TAAAGACAAGGTCAGACAGAGGTGTTCA
DQ599010,TAACACAAGCAGGTGAAGCTGTGGGACC
DQ597590,GCTGCTGAAGAAGAGGGCTGTCCCTCACAGG
DQ572070,TATATGCGTAGTGTTGGAGCAGAATTTC
DQ600269,TACCGTGAGGATAGAGGGCTGTAACGCGGT
DQ586208,TGCTTACATTGATGGTAAGGTAGCGGGGTAA
DQ596744,GAGGGGCCCGTGCCTTGGAAAGCGTCGCG
DQ582058,CACCACGATATTGAGGAAGCACAGGACATC
DQ598447,GTCGTGCTGATCGGATGAAGAGTTCGTGGT
DQ570812,AGAGAGGGGCCCGTGCCTTGGAAAGCGTC
DQ593600,CTCCATAGCAGCCAAGATGATGTCTACAGC
DQ591864,TGTGGCCAAGATGGGCTGCCAAGAGTTGC
DQ584123,TGCCAAATGTTTGAGAAATGCTGCTTGGAGC
DQ587955,TGGCCTAGGTCAGGAGCTCAGAAGTGCCAC
DQ592975,CCCGTGCTGATGCCACGACCGAGGGA
DQ599480,TAAGTCCAGAGTGAAGAATTTGCCAGG
DQ596397,GACGTTGAAAGGTGTGACGTTGAAAGAGGCAA
DQ570776,AGACAGGGGTACTGGTGCAAGCAACTTGA
DQ571204,AGGCACAGCGGTGCGACGAGATGCTGCTTC
DQ578766,TGAACAGTGGCATGCAGCGAGATGAGGA
DQ588268,TGGGAAAAGGACCCGAGGTGCCACCCAAG
DQ583083,TGCAAAATGTTAAAAGAGTTCAGAGGCTGC
DQ599214,TAAGAAAGGTGGAAAAAGCCTTAGAGTCC
DQ593044,CCGCTTGTCTGGTTCCCAAATGTCAC
DQ572458,TATTGAGTGGAAGCAGCTCTCAGCTGATGGT
DQ601592,TAGGCATGAGAGATGACCAAGGAGTAGCTGC
DQ597117,GCAGCAAGAAAGACCTGAGGCAGGTGCAGG
DQ582977,TGATTCAGAAGCTAACGTGAGGACCCAGAGT
DQ578372,TCTTGGAAGTTAGGCGACTGCACAGGGAA
DQ594178,TTCAGGACATGGTGAGCTGTGACGCAGG
DQ587898,TGGCCCAGGTCAAACAAGTAGAGCAGGCTGT
DQ597411,GCCTTGACCACATGACCCAGAGGTGCAGGG
DQ588531,TGGGAAGTCCAAGATGAAAGCAGATACTGTT
DQ599928,TACAGCTTTGATTGGGCAAGAGGCTGATTT
DQ570734,AGAACTTGATCAGAGGTCATGGATGAGGCA
DQ586834,TGGACAGTGAGCAGGAGGCGCCTCGGT
DQ571333,AGGGGCCCGTGCCTTGGAAAGCGTCGC
DQ599162,TAACTACGCAGGACTGACCCACCAAGGGAGC
DQ588193,TGGCTGTATGAGAACACGATGGGACTGC
DQ597827,GGATTGTAGAAAGCAGTGTGACCAGTGC
DQ599071,TAACATTTGAACTGAGCATGGGTGCTGGG
DQ597148,GCAGGTGAGGACCTGGCTCAGCATGGGCATT
DQ571413,AGGTTGAGTCAGAGGCCGCAAGGCACGCTAC
DQ600359,TACCTTGTGGAATGGGACCTTTGGTGT
DQ588756,TGGGAGCTTTGGCGTCTGTGACTAAAGGGA
DQ572009,TATAAAACCGGTGTCCACGTGAAGGC
DQ584397,TGCCAGGAGGGAGGTTGACCCGCCAGGTCC
DQ576768,TCGAACTCCTGACCTCAGGTGATCTGCGC
DQ593619,CTCCTGAGCCAACTGTGAACCTCACCCAGGC
DQ584889,TGCCTAGAAACCCAAAAGCAACGATGGAC
DQ581262,TGAGTGTCAAACCCAGTACTACCCCACAGA
DQ577485,TCTCCACGTGGACGTTATGCGTCTTGAGGTC
DQ572940,TCACAGATGGAACAATGGCAAGAGCA
DQ590584,TGGTTGCCACGAAAGAGCTGCTGAGGCCAC
DQ599032,TAACAGCGCAGGAAGAGGTGACTGGCTGGA
DQ572704,TCAACTGGGCAAATTCCTAGGAACTGC
DQ578913,TGAACTTTAGGAACACAGTTGGAGGTC
DQ572956,TCACAGCATGGAGCGTCACGATAGGGGA
DQ594601,TTCTAACCTGGATCAGAGGAGTGAAATGCC
DQ598314,GGTTGAGTCAGAGGCCGCAAGGCACGCTAC
DQ600892,TAGACCCCATAGAGGGCCGAGAGCCAGGAAGT
DQ582549,CATGGCCCAATAACGAGATGCAGGTGAAC
DQ596516,GAGACCAGCCTGACCAACATGGTGGAACCC
DQ578059,TCTGGGCAACAAGAGCAAAACACAGTCTTA
DQ581670,TGATGACAAGTGCCCAAGGTGGTCAGAGC
DQ573330,TCAGAAGTCCGAGATCAAGATGCCTGAGG
DQ578790,TGAACCAAGGAACTGCCCGAATGTGC
DQ591381,TGTGACAGAGCTCGGTGAGCGTGCAGGCA
DQ599346,TAAGCAGCCCTGGGGCAAGAGTGTGA
DQ580337,TGAGAGCAACAGGGACCTCTGCAACAAAG
DQ587862,TGGCCAGTCATCCAGGTCCAGAGATCAGA
DQ596579,GAGCAATCAAGGACTGGCCCCAGCATGGA
DQ586547,TGGAACTGTGCAACCCACAGATGGGAAGGTC
DQ593879,CTGTGAAACAGGTGAAGTGGGATCTGAAGG
DQ583066,TGATTTTGGGAAAGGCCATGAAGGGC
DQ570485,ACCCCTTGTGAAGCCCAAGATCGTCAAAA
DQ591430,TGTGACTGAGAGGTGGCTTCTGGGCTAA
DQ577046,TCGGGTGCTGCTGGCCTCAAAGGAGGAACTC
DQ587247,TGGATACGTGCAAGGTCGCTGAGGCAGTGCTA
DQ588048,TGGCGCTGCCACAGATCAGGCCGAGGTGTA
DQ599953,TACAGGGTGGCTGCAGGTTTGCTACAACAA
DQ570325,ACAGCAGCGATGGAGGCCTGAGTCCCAGC
DQ579519,TGACAGGTGACATGGGAATCTGACTCATGA
piR-L-163,ATATCATGATGTTACTTTGATTCTCTGACC
piR-34736,GAGGAATGATGACAAGAAAAGGCCGAA
piR-58595,GCTAAACCTAGCCCCAAACCCACTCCA
piR-32635,ATAGGGTTTACGACCTCGATGTTGGATC
piR-32986,CAACAATAGGGTTTACGACCTCGATGTTGGA
piR-32636,ATAGGTTTGGTCCTAGCCTTTCTATT
piR-43147,CACATGCAAGCATCCCCGTTCCAGTGA
piR-32079,AGCCAATGGGGCGAAGCTACCATCTGT
piR-41965,TGAGGAGCCAATGGGGCGAAGCTACCATC
piR-9540,TCAGACATTTGGTGTATGTGCTTGGC
hsa_piR_008033,TGAGGCCCCGGGTTCGATCCCCGGCA
hsa_piR_007336,TGACTGTGCTGTCCTGATTGTTGCTGC
hsa_piR_019824,GCATTGGTGGTATAGTGGTGAGCATAGC
hsa_piR_023057,TAGGATCTGCTAGGACCCTGCAGCTGTGC
hsa_piR_003728,TCCCAATGATGAGTTGCCATGCTAATACTGA
hsa_piR_020657,GTCCATGATGATTTCAAGTTATCCCTGTCTGA
hsa_piR_020828,GTTTAGACGGGCTCACATCACCCCATAAACA
hsa_piR_016664,CCCCCTTTTAAAAGCACTCAATGGGCC
hsa_piR_019822,GCATTGGTGGTATAGTGGTAAGCATAGC
DQ571425,AGTAGAGACAGGGTTTCACCATGTTGGCCA
DQ574183,TCCAAGGTGCTTTAGCTATCAGTAGT
DQ576941,TCGGAACCTGCAGACACTTGTGGAGGAGT
DQ580637,TGAGCCAAGATTGCGCCACTGCATTC
DQ582108,CACCTTGGGAGGCCAAGGCAGGCAGATCATC
DQ582175,CACTTTGGGAGGCCGAGGCGGGTGGATC
DQ583613,TGCAGAGTGGCGCAGCGGAAGCGTGCTGG
DQ585093,TGCCTGTAATCCCAGCACTTTGGGAGGCC
DQ585247,TGCGACTCACTGTAGTGCTGGGGATCC
DQ590028,TGGTCTCGAACTCCTGACCTCAGGTGATC
DQ590029,TGGTCTCGAACTCCTGACCTCAGGTGATCC
DQ590030,TGGTCTCGAACTCCTGACCTCAGGTGATCCA
DQ590031,TGGTCTCGAACTCCTGACCTCAGGTGATCT
DQ590455,TGGTGTGATCTCGGCTCACTGCAACCTCCT
DQ590749,TGTACCAGAGGTGCTGTAGGCTTGCAGGA
DQ591522,TGTGAGTTCTACATGGCCTATGCAGA
DQ593621,CTCGAACTCCTGACCTCAGGTGATCTGCCT
DQ597214,GCATTGGTATAGTGGTATCATGCAAGA
DQ600689,TACTTTGGGAAAGTTGGTATGAAGCA
DQ579395,TGACACCACTGATGTCGAGTGTGCGGGTGTA
DQ587785,TGGCCAACATGGTGAAACCCCGTTTAA
DQ588328,TGGGAACAAGAAGACACTCGTGGAGGCGT
DQ588346,TGGGAACCAGAAGACACTCCTGGAGGAGTC
DQ593935,TTAGGTTCCAAAGGAAGCTGGAGATGACCTA
DQ593939,TTAGTAGAGACGGGGTTTCGCCATGTTGCA
DQ595288,TTGGAGGAAGATGACATGAGGACCCAAAA
DQ596276,GACATCCCGATGGTGCAGCCGCTATTAAA
DQ596465,GAGAAAGCTCACAAGAACTGCTAACTCAC
DQ597216,GCATTGGTGGTATAGTGGTGAGCATA
DQ598571,GTGGAGTTAAACACTTTGGGCGAAGCAGTC
DQ601404,TAGGAAGACGAGTCAGTAGCTCATGGTGTG
hsa_piR_020496,GGGGGATTAGCTCAAATGGTAGAGCGCTCG
piR-31355,AGGCCGTGATCGTATAGTGGTTAGTACTC
DQ571003,AGCCTGAGCAACATAGCGAGACCCCGTCTCTA
